අ	සෘණ	ආ	59
අ	සෘණ	ධනාත්මක	541
අ	සෘණ	බී	1099
අගෝස්තු	වන	අඟහරුවාදා	13
අගෝස්තු	වන	දා	14
අගෝස්තු	වන	දින	1676
අගෝස්තු	වන	දිනට	6
අගෝස්තු	වන	දිනදී	6
අගෝස්තු	වන	විට	107
අඩුවෙන්	කෙටි	කතාවක්	1
අඩුවෙන්	කෙටි	කරන්න	2
අඩුවෙන්	කෙටි	කිරීමෙන්	1
අඩුවෙන්	කෙටි	සාරාංශයක්	7549
අතර	එහිදී	ඇය	509
අතර	එහිදී	එය	136
අතර	එහිදී	ඔවුන්	548
අතර	එහිදී	ඔහු	1718
අතර	එහිදී	ඔහුගේ	158
අතර	එහිදී	ඔහුට	197
අතර	බොහෝ	අය	127
අතර	බොහෝ	දුරට	308
අතර	බොහෝ	දෙනා	88
අතර	බොහෝ	දෙනෙක්	275
අතර	බොහෝ	දෙනෙකුට	108
අතර	බොහෝ	විට	1257
අත්අඩංගුවට	ගෙන	ඇත	1244
අත්අඩංගුවට	ගෙන	ඇත්තේ	71
අත්අඩංගුවට	ගෙන	ඇති	695
අත්අඩංගුවට	ගෙන	තිබේ	241
අත්අඩංගුවට	ගෙන	නොමැත	78
අත්අඩංගුවට	ගෙන	නොමැති	78
අත්පත්	කර	ගත්	361
අත්පත්	කර	ගැනීම	1134
අත්පත්	කර	ගැනීමට	781
අත්පත්	කර	ගැනීම්	471
අත්පත්	කර	ගැනීමෙන්	324
අත්පත්	කර	ගැනීමේ	652
අදහස්	කරන්නේ	එය	324
අදහස්	කරන්නේ	ඔවුන්	552
අදහස්	කරන්නේ	ඔහු	368
අදහස්	කරන්නේ	කුමක්ද	1230
අදහස්	කරන්නේ	නම්	385
අදහස්	කරන්නේ	මිනිසෙක්	466
අදාළ	වාක්යය	එය	2
අදාළ	වාක්යය	නම්	8
අදාළ	වාක්යය	මෙයයි	6
අදාළ	වාක්යය	යනු	1
අදාළ	වාක්යය	වන්නේ	420
අදාළ	වාක්යය	වනුයේ	1310
අධ්යක්ෂණය	කරන	ලද	1289
අධ්යක්ෂණය	කරන	ලද්දකි	3
අධ්යක්ෂණය	කරන	ලද්දේ	117
අධ්යක්ෂණය	කරන	ලදී	164
අධ්යක්ෂණය	කරන	ලෙස	4
අධ්යක්ෂණය	කරන	විට	4
අනුමාන	සඳහා	පරීක්ෂණය	6463
අනුමාන	සඳහා	ප්රශ්නය	49
අනුමාන	සඳහා	ප්රසිද්ධය	1
අනුව	අපට	උපකල්පනය	2055
අනුව	අපට	එය	8
අනුව	අපට	දැන්	3
අනුව	අපට	නිගමනය	107
අනුව	අපට	මෙම	4
අනුව	අපට	විරැකියා	3
අනුව	විස්තර	කරන්න	3
අනුව	විස්තර	කරන්නේ	2067
අනුව	විස්තර	කළ	1
අනුව	විස්තර	කළේයජාතිය	1
අනුව	විස්තර	කිරීම	2
අනුව	විස්තර	වෙනස්	1
අපට	උපකල්පනය	අවසන්	148
අපට	උපකල්පනය	ඇතුළත්	6
අපට	උපකල්පනය	කළ	69
අපට	උපකල්පනය	නිගමනය	2314
අපට	උපකල්පනය	පිටත	7
අපට	උපකල්පනය	මල්ලව	6
අපට	නිගමනය	කළ	24861
අපට	නිගමනය	කිරීමට	2
අපට	නිගමනය	පමණක්	1
අපට	නිගමනය	පිළිගත	1
අපට	පවසන්නේ	ඇය	12
අපට	පවසන්නේ	එය	9
අපට	පවසන්නේ	ඔවුන්	20
අපට	පවසන්නේ	ඔහු	16
අපට	පවසන්නේ	කුමක්ද	2809
අපට	පවසන්නේ	යනු	10
අපයෝජනය	වාර්තා	කරන්න	1837
අපයෝජනය	වාර්තා	කළේ	1
අපයෝජනය	වාර්තා	කළේය	1
අපයෝජනය	වාර්තා	කිරීම	2
අපයෝජනය	වාර්තා	කිරීමට	4
අපයෝජනය	වාර්තා	වන	1
අප්රේල්	වන	අඟහරුවාදා	57
අප්රේල්	වන	ඉරිදා	12
අප්රේල්	වන	දින	1823
අප්රේල්	වන	දිනට	11
අප්රේල්	වන	විට	117
අප්රේල්	වන	සඳුදා	14
අපි	එය	උත්සාහ	58
අපි	එය	ක්රමයෙන්	94
අපි	එය	ක්රමානුකූලව	131
අපි	එය	නැවත	66
අපි	එය	සමඟ	56
අපි	එය	සෙමින්	9963
අපි	මෙය	කරන්නේ	34
අපි	මෙය	කළ	12
අපි	මෙය	ක්රමයෙන්	1248
අපි	මෙය	ක්රමානුකූලව	372
අපි	මෙය	නැවත	16
අපි	මෙය	නිවැරදි	9
අවදානමට	ලක්විය	යුතු	5
අවදානමට	ලක්විය	හැක්කේ	6
අවදානමට	ලක්විය	හැකි	1054
අවදානමට	ලක්විය	හැකිද	11
අවදානමට	ලක්විය	හැකිදැයි	4
අවදානමට	ලක්විය	හැකිය	33
අවධානය	යොමු	කර	1503
අවධානය	යොමු	කරන	1808
අවධානය	යොමු	කරයි	1429
අවධානය	යොමු	කළ	1610
අවධානය	යොමු	කිරීම	1251
අවධානය	යොමු	කිරීමට	1722
අවධානය	වෙනතකට	ඇද	1
අවධානය	වෙනතකට	යොමු	1699
අවධානය	වෙනතකට	යොමුකිරීම්	1
අවධානය	වෙනතකට	යොමුකිරීම්වලින්	3
අවධානය	වෙනතකට	හැරවීම	3
අවධානය	වෙනතකට	හැරේ	1
අවම	කිරීම	අරමුණු	36
අවම	කිරීම	කෙරෙහි	17
අවම	කිරීම	මගින්	31
අවම	කිරීම	සඳහා	1293
අවම	කිරීම	සහ	202
අවම	කිරීම	හෝ	16
අවම	වශයෙන්	එක්	1247
අවම	වශයෙන්	ඩොලර්	433
අවම	වශයෙන්	තවත්	351
අවම	වශයෙන්	පුද්ගලයන්	287
අවම	වශයෙන්	පුද්ගලයින්	860
අවම	වශයෙන්	වසර	544
අවශ්ය	වන	අතර	2237
අවශ්ය	වන	කාර්යයන්	71
අවශ්ය	වන	පරිදි	80
අවශ්ය	වන	බව	72
අවශ්ය	වන	බැවින්	174
අවශ්ය	වන	බැවිනි	59
අවශ්ය	වනු	ඇත	3321
අවශ්ය	වනු	ඇත්තේ	14
අවශ්ය	වනු	ඇතැයි	266
අවශ්ය	වනු	ඇති	450
අවශ්ය	වනු	ඇතිවා	1
අවශ්ය	වනු	නිසැකය	1
අවශ්ය	විය	ඔහු	227
අවශ්ය	විය	නමුත්	305
අවශ්ය	විය	මම	189
අවශ්ය	විය	හැක	352
අවශ්ය	විය	හැකි	708
අවශ්ය	විය	හැකිය	1726
අවශ්ය	වූ	අතර	978
අවශ්ය	වූ	නමුත්	401
අවශ්ය	වූ	නිසා	302
අවශ්ය	වූ	බව	204
අවශ්ය	වූ	බැවිනි	154
අවශ්ය	වූ	විට	1197
අවසන්	වන	අතර	206
අවසන්	වන	තුරු	450
අවසන්	වන	තෙක්	422
අවසන්	වන	බව	132
අවසන්	වන	බැවින්	47
අවසන්	වන	විට	1711
අවසන්	වූ	අතර	589
අවසන්	වූ	නමුත්	90
අවසන්	වූ	පසු	1400
අවසන්	වූ	බව	201
අවසන්	වූ	වහාම	133
අවසන්	වූ	විට	691
අවස්ථා	කිහිපයක්	ඇති	16
අවස්ථා	කිහිපයක්	තිබූ	11
අවස්ථා	කිහිපයක්	තිබේ	43
අවස්ථා	කිහිපයක්	මෙන්න	18
අවස්ථා	කිහිපයක්	ලබා	28
අවස්ථා	කිහිපයක්	ලියන්න	1064
අවස්ථා	වල	දෛනික	3
අවස්ථා	වල	වැඩිදියුණු	2
අවස්ථා	වල	සම්පූර්ණ	2
අවස්ථා	වල	සාරාංශයක්	1055
අවස්ථා	වල	සිටිති	2
අවස්ථා	වල	සිටින	2
අවස්ථා	සාරාංශ	කරන	2
අවස්ථා	සාරාංශ	කරන්න	1066
අවසානයේ	ඇති	ප්රශ්නයට	15
අවසානයේ	ඇති	ප්රශ්නවලට	26
අවසානයේ	ඇති	බිංදු	3
අවසානයේ	ඇති	විකල්ප	3086
අවසානයේ	ඇති	විය	4
අවසානයේ	ඇති	වූ	10
අවුරුදු	ට	අඩු	1088
අවුරුදු	ට	ආසන්න	24
අවුරුදු	ට	පෙර	104
අවුරුදු	ට	වඩා	61
අවුරුදු	ට	වැඩි	463
අවුරුදු	ට	ළඟා	20
අසන්නේ	එකම	දෙයද	1342
අසන්නේ	එකම	දෙයයි	1
අසල	වාඩි	විය	34
අසල	වාඩි	වී	1098
අසල	වාඩි	වීමට	21
අසල	වාඩි	වුණෙමු	3
අසල	වාඩි	වූ	21
අසල	වාඩි	වේ	3
අහන්නේ	එකම	දේද	1343
අහන්නේ	එකම	ප්රශ්නයයි	1
ආරක්ෂා	කිරීම	අරමුණු	51
ආරක්ෂා	කිරීම	ගැන	68
ආරක්ෂා	කිරීම	පිළිබඳ	45
ආරක්ෂා	කිරීම	සඳහා	1993
ආරක්ෂා	කිරීම	සම්බන්ධයෙන්	55
ආරක්ෂා	කිරීම	සහ	314
ආරම්භ	කරන	බව	316
ආරම්භ	කරන	ලද	2039
ආරම්භ	කරන	ලද්දේ	214
ආරම්භ	කරන	ලදී	1116
ආරම්භ	කරන	ලෙස	224
ආරම්භ	කරන	විට	926
ආරම්භ	කළ	අතර	1106
ආරම්භ	කළ	බව	209
ආරම්භ	කළ	යුතු	206
ආරම්භ	කළ	යුතුය	196
ආරම්භ	කළ	හැකි	257
ආරම්භ	කළ	හැකිය	285
ආරම්භ	වූ	අතර	1156
ආරම්භ	වූ	දා	411
ආරම්භ	වූ	නමුත්	175
ආරම්භ	වූ	පසු	183
ආරම්භ	වූ	බව	190
ආරම්භ	වූ	විට	350
ඇත	ඔහු	තම	158
ඇත	ඔහු	තවදුරටත්	196
ඇත	ඔහු	පවසයි	200
ඇත	ඔහු	පැවසීය	1230
ඇත	ඔහු	පැවසුවේ	111
ඇත	ඔහු	සහ	96
ඇත	කෙසේ	දැයි	2
ඇත	කෙසේ	නමුත්	9
ඇත	කෙසේ	වුවත්	3
ඇත	කෙසේ	වුවද	5
ඇත	කෙසේ	වෙතත්	1820
ඇත	කෙසේ	හෝ	21
ඇත	නමුත්	එය	1801
ඇත	නමුත්	ඔබ	345
ඇත	නමුත්	ඔවුන්	520
ඇත	නමුත්	ඔහු	676
ඇත	නමුත්	මම	551
ඇත	නමුත්	මෙම	393
ඇත	යන	උපකල්පනය	1094
ඇත	යන	උපකල්පනයයි	40
ඇත	යන	පදනම	33
ඇත	යන	ප්රකාශය	27
ඇත	යන	වාක්ය	62
ඇත	යන	වාක්යය	247
ඇත්ත	වශයෙන්ම	එය	1209
ඇත්ත	වශයෙන්ම	ඔබ	324
ඇත්ත	වශයෙන්ම	ඔවුන්	413
ඇත්ත	වශයෙන්ම	ඔහු	508
ඇත්ත	වශයෙන්ම	මම	623
ඇත්ත	වශයෙන්ම	මෙම	435
ඇත්තද	විකල්ප	බලන්න	2339
ඇතැයි	අපේක්ෂා	කරන	1267
ඇතැයි	අපේක්ෂා	කරන්න	81
ඇතැයි	අපේක්ෂා	කරයි	351
ඇතැයි	අපේක්ෂා	කළ	333
ඇතැයි	අපේක්ෂා	කිරීම	68
ඇතැයි	අපේක්ෂා	කෙරේ	2203
ඇතැයි	මම	අපේක්ෂා	193
ඇතැයි	මම	නොසිතමි	495
ඇතැයි	මම	බලාපොරොත්තු	1798
ඇතැයි	මම	විශ්වාස	397
ඇතැයි	මම	සැක	189
ඇතැයි	මම	සිතමි	1089
ඇති	අතර	එමඟින්	1197
ඇති	අතර	එය	8504
ඇති	අතර	එහි	1546
ඇති	අතර	ඒවා	1184
ඇති	අතර	ඔවුන්	1729
ඇති	අතර	ඔහු	1908
ඇති	කර	ඇත	490
ඇති	කර	ඇති	809
ඇති	කර	ගත්	639
ඇති	කර	ගැනීම	530
ඇති	කර	ගැනීමට	1343
ඇති	කර	තිබේ	382
ඇති	කළ	අතර	491
ඇති	කළ	බව	167
ඇති	කළ	බවයි	106
ඇති	කළ	හැක	120
ඇති	කළ	හැකි	1980
ඇති	කළ	හැකිය	1665
ඇති	ට්වීට්	එක	3
ඇති	ට්වීට්	එකකට	2
ඇති	ට්වීට්	එකක්	5931
ඇති	ට්වීට්	විශ්ලේෂණය	2
ඇති	ට්වීට්	සඳහා	2
ඇති	ට්වීට්	ස්පෑම්	2
ඇති	බව	ඔහු	1916
ඇති	බව	පෙනේ	3663
ඇති	බව	මට	1119
ඇති	බව	මම	1444
ඇති	බව	වාර්තා	1495
ඇති	බව	සොයා	1219
ඇති	විකල්ප	අතරින්	10
ඇති	විකල්ප	බලන්න	818
ඇති	විකල්ප	මොනවාද	13
ඇති	විකල්ප	මොනවාදැයි	3
ඇති	විකල්ප	වලින්	1837
ඇති	විකල්ප	සටහන්	454
ඇති	විය	එය	113
ඇති	විය	ඔහු	92
ඇති	විය	නමුත්	133
ඇති	විය	හැක	1057
ඇති	විය	හැකි	2739
ඇති	විය	හැකිය	296
ඇති	වූ	අතර	1145
ඇති	වූ	ගැටුමකින්	188
ඇති	වූ	නමුත්	173
ඇති	වූ	බව	6971
ඇති	වූ	බවයි	232
ඇති	වූ	විට	652
ඇතුළත්	වන	අතර	1268
ඇතුළත්	වන	පරිදි	37
ඇතුළත්	වන	බව	182
ඇතුළත්	වන	බවයි	63
ඇතුළත්	වන	බැවින්	49
ඇතුළත්	වන	විට	41
ඇතුළත්	විය	එය	108
ඇතුළත්	විය	ඔහු	150
ඇතුළත්	විය	යුතුය	206
ඇතුළත්	විය	හැක	266
ඇතුළත්	විය	හැකි	234
ඇතුළත්	විය	හැකිය	1216
ඇතුළත්	වේද	නැතහොත්	4
ඇතුළත්	වේද	නිසැකවම	1
ඇතුළත්	වේද	යන්න	2459
ඇතුළත්	වේද	යන්නයි	2
ඇතුළත්	වේද	වැනි	1
ඇතුළත්	වේද	සහ	2
ඇදහිය	නොහැකි	තරම්	2038
ඇදහිය	නොහැකි	තරම්ය	133
ඇදහිය	නොහැකි	දෙයක්	72
ඇදහිය	නොහැකි	ය	151
ඇදහිය	නොහැකි	ලෙස	151
ඇදහිය	නොහැකි	විය	88
ඇඳුමකින්	සැරසී	සිටි	120
ඇඳුමකින්	සැරසී	සිටින	1251
ඇඳුමකින්	සැරසී	සිටිනු	16
ඇඳුමකින්	සැරසී	සිටියාය	52
ඇඳුමකින්	සැරසී	සිටියේය	36
ඇඳුමකින්	සැරසී	සිටී	169
ඇමරිකා	එක්සත්	ජනපද	20
ඇමරිකා	එක්සත්	ජනපදය	672
ඇමරිකා	එක්සත්	ජනපදයට	133
ඇමරිකා	එක්සත්	ජනපදයයි	21
ඇමරිකා	එක්සත්	ජනපදයෙන්	24
ඇමරිකා	එක්සත්	ජනපදයේ	1190
ඉතා	කෙටි	කාලයක්	61
ඉතා	කෙටි	ය	26
ඉතා	කෙටි	වන	16
ඉතා	කෙටි	විය	21
ඉතා	කෙටි	වූ	17
ඉතා	කෙටි	සාරාංශය	7557
ඉතා	වැදගත්	බව	180
ඉතා	වැදගත්	බවයි	101
ඉතා	වැදගත්	ය	76
ඉතා	වැදගත්	වන	188
ඉතා	වැදගත්	වන්නේ	88
ඉතා	වැදගත්	වේ	1111
ඉදිරිපත්	කරන	අතර	151
ඉදිරිපත්	කරන	බව	232
ඉදිරිපත්	කරන	ලද	1591
ඉදිරිපත්	කරන	ලදී	805
ඉදිරිපත්	කරන	ලෙස	234
ඉදිරිපත්	කරන	විට	248
ඉල්ලා	සිටි	අතර	1267
ඉල්ලා	සිටි	නමුත්	228
ඉල්ලා	සිටි	බව	526
ඉල්ලා	සිටි	බවත්	126
ඉල්ලා	සිටි	බවයි	306
ඉල්ලා	සිටි	විට	438
ඉවත්	කර	ඇත	1296
ඉවත්	කර	ඇති	1056
ඉවත්	කර	එය	133
ඉවත්	කර	ගන්නා	169
ඉවත්	කර	ගැනීම	259
ඉවත්	කර	ගැනීමට	341
ඉවත්	කරන	බව	191
ඉවත්	කරන	බවයි	138
ඉවත්	කරන	ලද	885
ඉවත්	කරන	ලදී	1401
ඉවත්	කරන	ලෙස	648
ඉවත්	කරන	විට	169
ඉවත්	කිරීම	ගැන	149
ඉවත්	කිරීම	ප්රතික්ෂේප	64
ඉවත්	කිරීම	සඳහා	1093
ඉවත්	කිරීම	සම්බන්ධයෙන්	95
ඉවත්	කිරීම	සහ	340
ඉවත්	කිරීම	හෝ	86
ඉහත	ඡේදයේ	ඇති	46
ඉහත	ඡේදයේ	උද්ධෘත	1
ඉහත	ඡේදයේ	කතුවරයාගේ	1
ඉහත	ඡේදයේ	කෙටි	7564
ඉහත	ඡේදයේ	ලේඛකයා	1
ඉහත	ඡේදයේ	සාක්ෂි	40
ඉහත	ප්රකාශය	ඉතා	2
ඉහත	ප්රකාශය	කිරීම	2
ඉහත	ප්රකාශය	ප්ලාස්ටික්	1
ඉහත	ප්රකාශය	පාර්ලිමේන්තු	2
ඉහත	ප්රකාශය	සත්ය	2
ඉහත	ප්රකාශය	සත්යද	1419
ඉහත	ප්රශ්නයට	පිළිතුරු	1799
ඉහත	පාඨයේ	ඉතා	7557
ඉහත	පාඨයේ	තොරතුරු	1
ඉහත	ලිපියේ	අන්තර්ගතය	459
ඉහත	ලිපියේ	උපුටා	4
ඉහත	ලිපියේ	එක්	168
ඉහත	ලිපියේ	කෙටි	3780
ඉහත	ලිපියේ	පැහැදිලි	1
ඉහත	ලිපියේ	සාරාංශය	740
ඉහත	සඳහන්	කර	17
ඉහත	සඳහන්	කරන	18
ඉහත	සඳහන්	කරුණු	10
ඉහත	සඳහන්	කළ	7791
ඉහත	සඳහන්	කළේ	5
ඉහත	සඳහන්	සංග්රහයේ	5
ඉහත	හිමිකම්	පෑම	1437
ඉහළ	ගොස්	ඇත	1151
ඉහළ	ගොස්	ඇතත්	25
ඉහළ	ගොස්	ඇති	1693
ඉහළ	ගොස්	ක්	36
ඉහළ	ගොස්	ඩොලර්	26
ඉහළ	ගොස්	තිබේ	200
ඊට	අඩුවෙන්	ඒ	48
ඊට	අඩුවෙන්	කෙටි	7552
ඊට	අඩුවෙන්	තීරණය	6
ඊට	අඩුවෙන්	පැහැදිලි	7
ඊට	අඩුවෙන්	ලබා	4
ඊට	අඩුවෙන්	සාරාංශ	13
උත්තර	එක	සමාන	1310
උත්තරය	නම්	කරන්න	1
උත්තරය	නම්	කියන්න	14632
උත්තරය	නම්	කිසිම	2
උත්තරය	නම්	පරාජිත	1
උත්තරය	නම්	වාසියි	1
උත්තරය	නම්	සිතීමට	1
උත්සාහ	කරන	අතර	521
උත්සාහ	කරන	බව	839
උත්සාහ	කරන	බවට	287
උත්සාහ	කරන	බවයි	571
උත්සාහ	කරන	බැවින්	301
උත්සාහ	කරන	විට	1652
උත්සාහ	කළ	අතර	851
උත්සාහ	කළ	නමුත්	1409
උත්සාහ	කළ	බව	493
උත්සාහ	කළ	විට	337
උත්සාහ	කළ	හැකි	302
උත්සාහ	කළ	හැකිය	597
උද්දීපන	භාවිතා	කරන්න	1072
උදාහරණයක්	කුමක්	විය	1172
උදාහරණයක්	යනු	කුමක්ද	5931
උදාහරණයක්	යනු	දී	2
උදාහරණයක්	යනු	සඳහා	1
උපකල්පනය	අපට	අවසන්	6
උපකල්පනය	අපට	නිගමනය	4659
උපකල්පනය	අපට	මෙහි	2
උපකල්පනය	අපට	ලියුම්	2
උපකල්පනය	අපට	විවිධත්වය	2
උපකල්පනය	අපට	හොඳම	2
උපකල්පනය	ඇතුළත්	වන්නේ	2
උපකල්පනය	ඇතුළත්	වන්නේද	11
උපකල්පනය	ඇතුළත්	විය	1
උපකල්පනය	ඇතුළත්	වීමේ	2
උපකල්පනය	ඇතුළත්	වේ	32
උපකල්පනය	ඇතුළත්	වේද	2060
උපකල්පනය	උපකල්පනය	මගින්	6598
උපකල්පනය	උපකල්පනයට	ඇතුළත්	2871
උපකල්පනය	උපකල්පනයට	ඇතුළත්ද	16110
උපකල්පනය	නිගමනය	කරන්න	2
උපකල්පනය	නිගමනය	කරන්නේ	1
උපකල්පනය	නිගමනය	කරමු	1
උපකල්පනය	නිගමනය	කළ	4575
උපකල්පනය	මගින්	ඇති	6598
උපකල්පනය	මගින්	කතුවරුන්	1
උපකල්පනය	මගින්	ජනනය	1
උපකල්පනය	මගින්	ප්රතිලාභ	2
උපකල්පනය	මගින්	පිළිතුරු	1
උපකල්පනය	මත	ඉදිරියට	3
උපකල්පනය	මත	පදනම්	9
උපකල්පනය	මත	පදනම්ව	11143
උපකල්පනය	මත	ය	11
උපකල්පනය	මත	වන	2
උපකල්පනය	මත	වැඩ	2
උපකල්පනය	සත්ය	ද	7
උපකල්පනය	සත්ය	දැයි	2655
උපකල්පනය	සත්ය	නම්	4436
උපකල්පනය	සත්ය	බව	2133
උපකල්පනය	සත්ය	යැයි	12
උපකල්පනය	සත්ය	විකල්ප	7
උපකල්පනයට	ඇතුළත්	වන්නේ	13
උපකල්පනයට	ඇතුළත්	වන්නේද	164
උපකල්පනයට	ඇතුළත්	වේද	2979
උපකල්පනයද	එසේ	යැයි	2866
උපකාර	කිරීම	අරමුණු	52
උපකාර	කිරීම	ගැන	54
උපකාර	කිරීම	සඳහා	3300
උපකාර	කිරීම	සඳහාය	33
උපකාර	කිරීම	සම්බන්ධයෙන්	57
උපකාර	කිරීම	සහ	72
එක	සමාන	නම්	1357
එක	සමාන	නොවේ	12
එක	සමාන	ලෙස	7
එක	සමාන	විය	6
එක	සමාන	වෙයිද	1310
එක	සමාන	වේ	6
එක	හා	කළ	4
එක	හා	සමාන	1468
එක	හා	සමානද	4
එක	හා	සමානයි	164
එක	හා	සමානව	258
එක	හා	සසඳන්නේ	8
එකක	උදාහරණයක්	කුමක්ද	2
එකක	උදාහරණයක්	නම්	2
එකක	උදාහරණයක්	මෙන්න	2
එකක	උදාහරණයක්	යනු	5918
එකක	උදාහරණයක්	සපයන්න	1
එකක	උදාහරණයක්	සොයන්න	1
එකක්	ජනනය	කරන	2
එකක්	ජනනය	කරන්න	6038
එකක්	ජනනය	කරනු	1
එකක්	ජනනය	කළ	1
එකක්	ජනනය	කළේය	1
එකක්	ජනනය	කිරීමට	2
එකක්	ලියන්න	එනම්	869
එකක්	ලියන්න	ඒ	67
එකක්	ලියන්න	ට්වීට්	134
එකක්	ලියන්න	විය	2312
එකක්	ලියන්න	සමාලෝචනය	35
එකක්	ලියන්න	හැකි	128
එකක්	වන	අතර	1172
එකක්	වන	නමුත්	38
එකක්	වන	බැවින්	34
එකක්	වන	මෙම	25
එකක්	වන	සහ	20
එකක්	වන	හි	121
එකක්	හෝ	කිහිපයක්	189
එකක්	හෝ	දෙකක	3661
එකක්	හෝ	දෙකක්	374
එකක්	හෝ	දෙකම	23
එකක්	හෝ	වැඩි	43
එකක්	හෝ	වෙනත්	53
එකතු	කරන	අතර	116
එකතු	කරන	බව	62
එකතු	කරන	ලද	1093
එකතු	කරන	ලදී	429
එකතු	කරන	ලෙස	51
එකතු	කරන	විට	145
එකම	අර්ථයක්	ඇත	4
එකම	අර්ථයක්	ඇති	8
එකම	අර්ථයක්	ගෙන	15
එකම	අර්ථයක්	තිබේද	2733
එකම	අර්ථයක්	තිබේදැයි	178
එකම	අර්ථයක්	ද	171
එකම	තොරතුරු	කැලරි	3
එකම	තොරතුරු	ගැන	1356
එකම	තොරතුරු	නම්	3
එකම	තොරතුරු	භාවිතා	2
එකම	තොරතුරු	ලබා	185
එකම	තොරතුරු	වෙත	3
එක්	වාක්යයකින්	පහත	362
එක්	වාක්යයකින්	පැහැදිලි	5
එක්	වාක්යයකින්	ලියන්න	4
එක්	වාක්යයකින්	විස්තර	9
එක්	වාක්යයකින්	සතුන්	3
එක්	වාක්යයකින්	සාරාංශ	1148
එක්සත්	ජනපද	ජනාධිපති	1448
එක්සත්	ජනපද	තානාපති	750
එක්සත්	ජනපද	රාජ්ය	965
එක්සත්	ජනපද	සංගණනය	778
එක්සත්	ජනපද	සෙනෙට්	904
එක්සත්	ජනපද	හමුදා	1579
එක්සත්	ජනපදය	පදනම්	258
එක්සත්	ජනපදය	ප්රමුඛ	356
එක්සත්	ජනපදය	පුරා	500
එක්සත්	ජනපදය	විසින්	747
එක්සත්	ජනපදය	සමඟ	619
එක්සත්	ජනපදය	සහ	1418
එක්සත්	ජාතීන්ගේ	ආරක්ෂක	757
එක්සත්	ජාතීන්ගේ	මහලේකම්	337
එක්සත්	ජාතීන්ගේ	මානව	350
එක්සත්	ජාතීන්ගේ	සංවිධානය	1049
එක්සත්	ජාතීන්ගේ	සංවිධානයට	285
එක්සත්	ජාතීන්ගේ	සංවිධානයේ	278
එකෙහි	හැගීම	කුමක්ද	5923
එකේ	හැඟීම	කුමක්ද	5940
එකේ	හැඟීම	ධනාත්මකයි	2
එම	ප්රශ්නවලට	එකම	1338
එම	ප්රශ්නවලට	ප්රවේශ	2
එම	ප්රශ්නවලට	පිළිතුරු	25
එම	ප්රශ්නවලට	සහ	2
එම	ප්රශ්නවලට	ස්ථිර	2
එම	ප්රශ්නවලට	හොඳින්	1
එය	අනුගමනය	කරන	57
එය	අනුගමනය	කරන්නේ	2145
එය	අනුගමනය	කරයි	62
එය	අනුගමනය	කළ	60
එය	අනුගමනය	කළේය	58
එය	අනුගමනය	කිරීමට	83
එය	ඇත්ත	නම්	2
එය	ඇත්ත	නොවේ	5
එය	ඇත්ත	වශයෙන්ම	1075
එය	ඇත්ත	සාධාරණ	1
එය	ඇත්ත	හාහා	1
එය	ඇත්ත	හෝ	1
එය	පැවසිය	නොහැක	88225
එය	පැවසිය	නොහැකි	357
එය	පැවසිය	යුතු	11
එය	පැවසිය	යුතුය	9
එය	පැවසිය	හැකි	12
එය	පැවසිය	හැකිය	17
එය	බොහෝ	කලකට	60
එය	බොහෝ	කාලයක්	100
එය	බොහෝ	දුරට	740
එය	බොහෝ	දෙනෙකුට	71
එය	බොහෝ	දේ	162
එය	බොහෝ	විට	1521
එය	මානව	ඉතිහාසය	4
එය	මානව	ඉතිහාසයේ	6
එය	මානව	වර්ගයා	6
එය	මානව	වර්ගයාගේ	5
එය	මානව	සාමාන්ය	1437
එය	මානව	හිමිකම්	26
එය	සෙමින්	ගන්න	6
එය	සෙමින්	චලනය	5
එය	සෙමින්	විසඳමු	1996
එය	සෙමින්	විසඳා	7970
එය	සෙමින්	වෙනස්	3
එය	සෙමින්	හා	4
එයට	පිළිතුරු	දිය	1486
එයට	පිළිතුරු	දීමට	19
එයට	පිළිතුරු	දුන්	8
එයට	පිළිතුරු	දුන්නේ	7
එයට	පිළිතුරු	දෙන්න	486
එයට	පිළිතුරු	දෙමින්	16
එයින්	අදහස්	කරන්නේ	5819
එයින්	අදහස්	කළ	31
එයින්	අදහස්	කළේ	365
එයින්	අදහස්	නොවේ	290
එයින්	අදහස්	වන්නේ	2539
එයින්	අදහස්	විය	30
එරෙහිව	සටන්	කරන	575
එරෙහිව	සටන්	කරයි	154
එරෙහිව	සටන්	කළ	234
එරෙහිව	සටන්	කිරීම	870
එරෙහිව	සටන්	කිරීමට	1485
එරෙහිව	සටන්	කිරීමේ	293
එල්ල	වී	ඇත	525
එල්ල	වී	ඇත්තේ	178
එල්ල	වී	ඇති	1043
එල්ල	වී	තිබෙන	75
එල්ල	වී	තිබේ	778
එල්ල	වී	නොමැත	65
එසේ	යැයි	උපකල්පනය	4
එසේ	යැයි	කියනු	3
එසේ	යැයි	කීම	4
එසේ	යැයි	නිගමනය	2866
එසේ	යැයි	මම	5
එසේ	යැයි	සිතූ	3
එසේනම්	ප්රශ්නය	කුමක්	1342
එසේනම්	ප්රශ්නය	වන්නේ	1
එසේනම්	ප්රශ්නය	වූයේ	1
එහි	ප්රතිඵලයක්	ගෙන	3
එහි	ප්රතිඵලයක්	ලෙස	2121
එහි	ප්රතිඵලයක්	ලෙසින්	15
එහි	ප්රතිඵලයක්	වන	2
එහි	ප්රතිඵලයක්	වශයෙන්	969
එහි	ප්රතිඵලයක්	විය	8
ඒ	නිසා	අපි	714
ඒ	නිසා	එය	287
ඒ	නිසා	ඔවුන්	303
ඒ	නිසා	ඔහු	282
ඒ	නිසා	මට	632
ඒ	නිසා	මම	1840
ඒ	ප්රශ්න	අපට	2
ඒ	ප්රශ්න	ඇසීමට	2
ඒ	ප්රශ්න	එක	1345
ඒ	ප්රශ්න	ගැන	2
ඒ	ප්රශ්න	වලට	5
ඒ	ප්රශ්න	වැඩි	2
ඒ	වගේම	අපි	368
ඒ	වගේම	උත්තරේ	7322
ඒ	වගේම	ඔවුන්	195
ඒ	වගේම	ඔහු	186
ඒ	වගේම	මට	298
ඒ	වගේම	මම	1232
ඒ	වන	තුරුම	4
ඒ	වන	තෙක්	17
ඒ	වන	විට	1467
ඒ	වන	විටත්	1280
ඒ	වන	විටද	2
ඒ	වන	සිය	2
ඒ	හා	බැඳුනු	5
ඒ	හා	සමගාමීව	11
ඒ	හා	සම්බන්ධ	80
ඒ	හා	සමාන	703
ඒ	හා	සමානයි	7
ඒ	හා	සමානව	1264
ඒක	කියන්න	අමාරුයි	6
ඒක	කියන්න	එපා	3
ඒක	කියන්න	ඕන	9
ඒක	කියන්න	බැහැ	667
ඒක	කියන්න	බෑ	2415
ඒක	කියන්න	වෙන	2
ඒක	කියන්නත්	බෑ	2346
ඒකට	මාතෘකාවක්	ලියන්න	3654
ඒවායින්	තෝරන්න	ඍණ	99
ඒවායින්	තෝරන්න	ඒ	1189
ඒවායින්	තෝරන්න	ඔව්	774
ඒවායින්	තෝරන්න	නැත	191
ඒවායින්	තෝරන්න	මම	530
ඒවායින්	තෝරන්න	සෘණ	1487
ඔක්තෝබර්	වන	අඟහරුවාදා	5
ඔක්තෝබර්	වන	තෙක්	8
ඔක්තෝබර්	වන	දින	1090
ඔක්තෝබර්	වන	දිනට	7
ඔක්තෝබර්	වන	බ්රහස්පතින්දා	25
ඔක්තෝබර්	වන	විට	93
ඔබේ	පිළිතුර	තෝරන්න	37613
ඔබේ	පිළිතුර	තෝරන්නද	12
ඔබේ	පිළිතුර	තෝරාගන්න	11
ඔබේ	පිළිතුර	මෙතැනින්	5458
ඔබේ	පිළිතුර	මෙයින්	494
ඔබේ	පිළිතුර	සිට	20
ඔව්	එය	කියන්න	374
ඔව්	එය	නැත	168
ඔව්	එය	නැතැයි	96
ඔව්	එය	නැහැ	377
ඔව්	එය	නෑ	247
ඔව්	එය	පැවසිය	9837
ඔව්	කියන්න	ඕනේ	2
ඔව්	කියන්න	තිබුණා	3
ඔව්	කියන්න	බැහැ	3094
ඔව්	කියන්න	බැහැමම	10
ඔව්	කියන්න	බෑ	377
ඔව්	කියන්න	විතරයි	2
ඔව්	නැත	කියන්න	24
ඔව්	නැත	කියා	6
ඔව්	නැත	පහත	1330
ඔව්	නැත	මම	4
ඔව්	නැත	යැයි	12
ඔව්	නැත	සමහර	3
ඔව්	බී	අංක	4
ඔව්	බී	ඇ	34
ඔව්	බී	එය	3589
ඔව්	බී	ඒක	229
ඔව්	බී	කියන්න	195
ඔව්	බී	නැත	262
ඔවුන්ගෙන්	බොහෝ	දෙනා	4
ඔවුන්ගෙන්	බොහෝ	දෙනෙක්	1047
ඔවුන්ගෙන්	බොහෝ	දෙනෙකු	17
ඔවුන්ගෙන්	බොහෝ	දෙනෙකුගේ	6
ඔවුන්ගෙන්	බොහෝ	දෙනෙකුට	153
ඔවුන්ගෙන්	බොහෝ	දේ	9
ඔහු	තවදුරටත්	කියා	160
ඔහු	තවදුරටත්	පවසන්නේ	59
ඔහු	තවදුරටත්	පවසයි	123
ඔහු	තවදුරටත්	පැවසීය	935
ඔහු	තවදුරටත්	පැවසුවේ	188
ඔහු	තවදුරටත්	මෙසේ	1298
ඔහු	මෙසේ	කියයි	42
ඔහු	මෙසේ	කීවේය	58
ඔහු	මෙසේ	පවසයි	28
ඔහු	මෙසේ	පැවසීය	1418
ඔහු	මෙසේ	ලියයි	47
ඔහු	මෙසේ	ලිවීය	115
ඔහු	සහ	අතර	62
ඔහු	සහ	අනෙකුත්	126
ඔහු	සහ	ඔහුගේ	1115
ඔහු	සහ	තවත්	123
ඔහු	සහ	සඳහා	54
ඔහු	සහ	හි	59
ඔහුගේ	පවුලේ	අය	1270
ඔහුගේ	පවුලේ	අයගෙන්	29
ඔහුගේ	පවුලේ	අයගේ	79
ඔහුගේ	පවුලේ	අයට	265
ඔහුගේ	පවුලේ	සාමාජිකයන්	62
ඔහුගේ	පවුලේ	සාමාජිකයින්	28
ක	ක්ෂේත්ර	ඉලක්කයක්	126
ක	ක්ෂේත්ර	ගෝල	32
ක	ක්ෂේත්ර	ගෝලය	154
ක	ක්ෂේත්ර	ගෝලයකට	30
ක	ක්ෂේත්ර	ගෝලයක්	2293
ක	ක්ෂේත්ර	ගෝලයකින්	50
කට	ආසන්න	කාලයක්	675
කට	ආසන්න	ප්රමාණයක්	1099
කට	ආසන්න	ප්රමාණයකින්	84
කට	ආසන්න	පිරිසක්	362
කට	ආසන්න	මුදලක්	453
කට	ආසන්න	සංඛ්යාවක්	411
කට	වඩා	අඩු	860
කට	වඩා	අඩුවෙන්	136
කට	වඩා	අලෙවි	354
කට	වඩා	වැඩි	5203
කට	වඩා	වැඩිය	162
කට	වඩා	වියදම්	168
කට	වැඩි	කාලයකට	145
කට	වැඩි	කාලයක්	1202
කට	වැඩි	ප්රමාණයක්	884
කට	වැඩි	පිරිසකට	346
කට	වැඩි	පිරිසක්	2261
කට	වැඩි	සංඛ්යාවක්	178
කතා	කරන	අතර	439
කතා	කරන	අතරතුර	154
කතා	කරන	ආකාරය	204
කතා	කරන	බව	401
කතා	කරන	ලෙස	211
කතා	කරන	විට	1792
කමිසයක්	ඇඳගත්	කාන්තාවක්	426
කමිසයක්	ඇඳගත්	කුඩා	138
කමිසයක්	ඇඳගත්	තරුණ	149
කමිසයක්	ඇඳගත්	පිරිමි	170
කමිසයක්	ඇඳගත්	මිනිසා	140
කමිසයක්	ඇඳගත්	මිනිසෙක්	1058
කර	ඇත	එය	1842
කර	ඇත	ඔවුන්	608
කර	ඇත	ඔහු	1314
කර	ඇත	නමුත්	3085
කර	ඇත	මෙම	1130
කර	ඇත	සහ	899
කර	ඇති	අතර	19930
කර	ඇති	පරිදි	1438
කර	ඇති	බව	11352
කර	ඇති	බවට	1780
කර	ඇති	බවත්	1579
කර	ඇති	බවයි	5352
කර	ගත	නොහැකි	323
කර	ගත	යුතු	308
කර	ගත	යුතුය	233
කර	ගත	හැක	600
කර	ගත	හැකි	1436
කර	ගත	හැකිය	778
කර	ගත්	අතර	1417
කර	ගත්	නමුත්	172
කර	ගත්	බව	451
කර	ගත්	බවත්	76
කර	ගත්	බවයි	211
කර	ගත්	විට	216
කර	ගැනීම	කෙරෙහි	79
කර	ගැනීම	ගැන	183
කර	ගැනීම	දුෂ්කර	100
කර	ගැනීම	පිළිබඳ	84
කර	ගැනීම	සඳහා	4907
කර	ගැනීම	සහ	569
කර	ගැනීමට	අවශ්ය	729
කර	ගැනීමට	උත්සාහ	970
කර	ගැනීමට	උපකාරී	493
කර	ගැනීමට	නොහැකි	496
කර	ගැනීමට	සහ	1419
කර	ගැනීමට	හැකි	431
කරන	අතර	එමඟින්	276
කරන	අතර	එය	1235
කරන	අතර	එහි	283
කරන	අතර	ඔවුන්	456
කරන	අතර	ඔහු	401
කරන	අතර	ඔහුගේ	274
කරන	ලද	අතර	10840
කරන	ලද	නමුත්	954
කරන	ලද	නව	897
කරන	ලද	බව	575
කරන	ලද	මෙම	1117
කරන	ලද	සහ	1532
කරන	ලදී	එය	1718
කරන	ලදී	ඔහු	772
කරන	ලදී	දී	774
කරන	ලදී	නමුත්	795
කරන	ලදී	මෙම	1203
කරන	ලදී	සහ	612
කරන	ලෙස	අපි	162
කරන	ලෙස	ඉල්ලා	3322
කරන	ලෙස	එක්සත්	188
කරන	ලෙස	ඔහු	191
කරන	ලෙස	නියෝග	238
කරන	ලෙස	මම	219
කරන	විට	එය	1183
කරන	විට	ඔබ	520
කරන	විට	ඔවුන්	694
කරන	විට	ඔහු	807
කරන	විට	ඔහුගේ	551
කරන	විට	මම	540
කරන්න	විය	ටෙක්සාස්	1
කරන්න	විය	හැකි	3470
කරන්න	ස්ථානයක්	තෝරන්න	2
කරන්න	ස්ථානයක්	සඳහා	1243
කරන්න	ස්ථානයක්	සමඟ	1
කරන්න	ස්ථානයක්	සොයා	1
කරන්නේ	කෙසේද	ඉහත	69
කරන්නේ	කෙසේද	මෙම	89
කරන්නේ	කෙසේද	යන	75
කරන්නේ	කෙසේද	යන්න	2145
කරන්නේ	කෙසේද	යන්නයි	166
කරන්නේ	කෙසේද	සහ	340
කරමින්	කියා	සිටින්නේ	13
කරමින්	කියා	සිටියහ	42
කරමින්	කියා	සිටියාය	72
කරමින්	කියා	සිටියේ	2094
කරමින්	කියා	සිටියේය	2347
කරමින්	කියා	සිටී	19
කරමින්	ලිපියක්	නිකුත්	4
කරමින්	ලිපියක්	යවා	5
කරමින්	ලිපියක්	ලැබුණි	4
කරමින්	ලිපියක්	ලියන්න	1065
කරමින්	ලිපියක්	ලියා	4
කරමින්	ලිපියක්	ලිවීය	3
කරමින්	සිටි	අතර	1133
කරමින්	සිටි	නමුත්	82
කරමින්	සිටි	නිසා	113
කරමින්	සිටි	බව	406
කරමින්	සිටි	බවත්	73
කරමින්	සිටි	බවයි	120
කරමින්	සිටින	අතර	1661
කරමින්	සිටින	නමුත්	171
කරමින්	සිටින	බව	1348
කරමින්	සිටින	බවට	140
කරමින්	සිටින	බවත්	162
කරමින්	සිටින	බවයි	561
කරයි	යන	උපකල්පනය	1233
කරයි	යන	උපකල්පනයයි	75
කරයි	යන	ප්රස්තුතයයි	195
කරයි	යන	වාක්ය	262
කරයි	යන	වාක්යය	1890
කරයි	යන	වාක්යයට	134
කරුණාකර	පහත	අදහස්	12
කරුණාකර	පහත	පියවර	10
කරුණාකර	පහත	රූප	5
කරුණාකර	පහත	ලිපිය	3649
කරුණාකර	පහත	සංවාදයට	13
කරුණාකර	පහත	සඳහන්	3
කරුණාකර	මෙම	ප්රශ්නයට	884
කරුණාකර	මෙම	පිටුව	11
කරුණාකර	මෙම	පුවත්	3674
කරුණාකර	මෙම	රහස්යතා	4
කරුණාකර	මෙම	ලිපිය	480
කරුණාකර	මෙම	ස්ථානය	6
කරුණු	භාවිතා	කර	2
කරුණු	භාවිතා	කරන්න	3
කරුණු	භාවිතා	කරමින්	1071
කරුණු	භාවිතා	කිරීම	2
කරුණු	භාවිතා	කිරීමයි	2
කරුණු	භාවිතා	නොකරන්න	1
කරුණු	සත්ය	නමුත්	2
කරුණු	සත්ය	ප්රකාශයක්	1142
කරුණු	සත්ය	ප්රකාශයක්ද	287
කරුණු	සත්ය	බව	1
කරුණු	සත්ය	යැයි	1
කරුණු	සත්ය	වේ	2
කරුණු	සාරාංශ	කර	14
කරුණු	සාරාංශ	කරන	4
කරුණු	සාරාංශ	කරන්න	1156
කරුණු	සාරාංශ	කරමින්	7
කරුණු	සාරාංශ	කළ	4
කරුණු	සාරාංශ	කිරීම	7
කළ	අතර	එය	2958
කළ	අතර	එහි	474
කළ	අතර	ඔවුන්	801
කළ	අතර	ඔහු	1110
කළ	අතර	ඔහුගේ	756
කළ	අතර	පසුව	775
කළ	නොහැකි	අතර	351
කළ	නොහැකි	නම්	419
කළ	නොහැකි	බව	1470
කළ	නොහැකි	බවයි	733
කළ	නොහැකි	ලෙස	311
කළ	නොහැකි	විය	920
කළ	පෙළ	ආදානය	2
කළ	පෙළ	තනි	7547
කළ	පෙළ	ප්රතිදානය	2
කළ	පෙළ	විසඳිය	1
කළ	පෙළ	සමඟ	1
කළ	පෙළ	සහිත	1
කළ	බවට	එල්ල	180
කළ	බවට	කිසිදු	110
කළ	බවට	චෝදනා	1794
කළ	බවට	සාක්ෂි	110
කළ	බවට	සැක	286
කළ	බවට	සැකපිට	115
කළ	යුතු	අතර	1653
කළ	යුතු	දේ	1361
කළ	යුතු	බව	2661
කළ	යුතු	බවට	690
කළ	යුතු	බවයි	1857
කළ	යුතු	යැයි	758
කළ	හැක්කේ	කාටද	121
කළ	හැක්කේ	කුමක්	131
කළ	හැක්කේ	කුමක්ද	197
කළ	හැක්කේ	කෙසේද	2497
කළ	හැක්කේ	කොතැනින්ද	93
කළ	හැක්කේ	මිනිසුන්	102
කළ	හැකි	අතර	4832
කළ	හැකි	නම්	1074
කළ	හැකි	නමුත්	1191
කළ	හැකි	බව	4059
කළ	හැකි	බවයි	2635
කළ	හැකි	යැයි	1206
කළ	හැකිද	ඇත්තද	2535
කළ	හැකිද	කාන්තාවක්	309
කළ	හැකිද	පිරිමි	320
කළ	හැකිද	මිනිසා	372
කළ	හැකිද	මිනිසෙක්	623
කළ	හැකිද	යන්න	660
කළ	හැකිය	ඇත්තද	4860
කළ	හැකිය	එය	617
කළ	හැකිය	ඔබ	568
කළ	හැකිය	ඔබේ	459
කළ	හැකිය	නමුත්	830
කළ	හැකිය	මෙම	572
ක්	වන	අතර	1773
ක්	වන	නමුත්	78
ක්	වන	නිසා	27
ක්	වන	බව	21
ක්	වන	බැවින්	101
ක්	වන	විට	137
ක්	වූ	අතර	1227
ක්	වූ	නමුත්	92
ක්	වූ	නිසා	20
ක්	වූ	බව	74
ක්	වූ	බැවින්	44
ක්	වූ	විට	86
ක්රමයෙන්	විසඳා	ගනිමු	1248
ක්රියා	කරන	අතර	333
ක්රියා	කරන	ආකාරය	1066
ක්රියා	කරන	බව	459
ක්රියා	කරන	බවයි	142
ක්රියා	කරන	ලෙස	144
ක්රියා	කරන	විට	166
ක්ෂේත්ර	ගෝලයක්	ඇණ	45
ක්ෂේත්ර	ගෝලයක්	පයින්	211
ක්ෂේත්ර	ගෝලයක්	ලබා	1176
ක්ෂේත්ර	ගෝලයක්	ලබාගනිමිනි	45
ක්ෂේත්ර	ගෝලයක්	වාර්තා	321
ක්ෂේත්ර	ගෝලයක්	සමඟින්	144
කැපී	පෙනෙන	අතර	109
කැපී	පෙනෙන	කරුණු	1073
කැපී	පෙනෙන	දෙය	143
කැපී	පෙනෙන	ලෙස	889
කැපී	පෙනෙන	වචන	253
කැපී	පෙනෙන	සහ	76
කියන	එක	අනුගමනය	17
කියන	එක	ඇත්තද	2695
කියන	එක	ගැන	66
කියන	එක	තමයි	23
කියන	එක	නෙවෙයි	545
කියන	එක	විතරයි	28
කියන්න	බැහැ	ඇ	43
කියන්න	බැහැ	නැත	3090
කියන්න	බැහැ	නැහැ	277
කියන්න	බැහැ	නෑ	366
කියන්න	බැහැ	නෑමම	132
කියන්න	බැහැ	සහ	83
කියා	අපට	කියන්න	4
කියා	අපට	නිගමනය	3122
කියා	අපට	පැවසිය	3
කියා	අපට	පැවසුවා	2
කියා	අපට	මතක්	2
කියා	අපට	හැඟුණා	2
කිරීම	සහ	එය	173
කිරීම	සහ	එහි	164
කිරීම	සහ	ඔවුන්ගේ	197
කිරීම	සහ	ක්රියාත්මක	184
කිරීම	සහ	පිළිතුර	1268
කිරීම	සහ	විශ්ලේෂණය	132
කිරීමට	අවශ්ය	නම්	1479
කිරීමට	අවශ්ය	නැත	876
කිරීමට	අවශ්ය	වනු	908
කිරීමට	අවශ්ය	විය	1614
කිරීමට	අවශ්ය	වූ	934
කිරීමට	අවශ්ය	වේ	955
කිරීමට	ඉඩ	ඇත	575
කිරීමට	ඉඩ	ඇති	563
කිරීමට	ඉඩ	දීම	377
කිරීමට	ඉඩ	දෙන්න	560
කිරීමට	ඉඩ	සලසන	840
කිරීමට	ඉඩ	සලසයි	2207
කිරීමට	උත්සාහ	කරන	3190
කිරීමට	උත්සාහ	කරන්න	1064
කිරීමට	උත්සාහ	කරයි	2079
කිරීමට	උත්සාහ	කළ	2027
කිරීමට	උත්සාහ	කළේය	731
කිරීමට	උත්සාහ	කිරීම	1092
කිරීමට	උපකාරී	වන	978
කිරීමට	උපකාරී	වනු	549
කිරීමට	උපකාරී	විය	491
කිරීමට	උපකාරී	වී	136
කිරීමට	උපකාරී	වූ	239
කිරීමට	උපකාරී	වේ	3549
කිරීමට	නොහැකි	තරම්	365
කිරීමට	නොහැකි	වන	130
කිරීමට	නොහැකි	වනු	428
කිරීමට	නොහැකි	විය	1094
කිරීමට	නොහැකි	වීම	198
කිරීමට	නොහැකි	වූ	675
කිරීමට	පටන්	ගත්	1627
කිරීමට	පටන්	ගත්තේය	1067
කිරීමට	පටන්	ගත්හ	537
කිරීමට	පටන්	ගන්නා	335
කිරීමට	පටන්	ගනී	629
කිරීමට	පටන්	ගෙන	740
කිරීමට	බලාපොරොත්තු	වන	1108
කිරීමට	බලාපොරොත්තු	වන්නේ	142
කිරීමට	බලාපොරොත්තු	විය	157
කිරීමට	බලාපොරොත්තු	වූ	153
කිරීමට	බලාපොරොත්තු	වෙමි	89
කිරීමට	බලාපොරොත්තු	වේ	850
කිරීමට	භාවිතා	කර	80
කිරීමට	භාවිතා	කරන	1100
කිරීමට	භාවිතා	කරන්න	47
කිරීමට	භාවිතා	කරනු	47
කිරීමට	භාවිතා	කරයි	537
කිරීමට	භාවිතා	කළ	837
කිරීමට	වග	බලා	1162
කිරීමට	සැලසුම්	කර	1565
කිරීමට	සැලසුම්	කරන	425
කිරීමට	සැලසුම්	කරන්නේ	82
කිරීමට	සැලසුම්	කරමින්	106
කිරීමට	සැලසුම්	කරයි	853
කිරීමට	සැලසුම්	කළ	147
කිරීමට	සිදු	වන	130
කිරීමට	සිදු	වනු	86
කිරීමට	සිදු	විය	2006
කිරීමට	සිදු	වූ	716
කිරීමට	සිදු	වූයේ	133
කිරීමට	සිදු	වේ	220
කිරීමට	හේතු	වන	154
කිරීමට	හේතු	වනු	112
කිරීමට	හේතු	විය	1229
කිරීමට	හේතු	වී	293
කිරීමට	හේතු	වූ	393
කිරීමට	හේතු	වේ	273
කුමක්	කළ	යුතු	478
කුමක්	කළ	යුතුද	1269
කුමක්	කළ	යුතුදැයි	30
කුමක්	කළ	හැකි	7
කුමක්	කළ	හැකිද	489
කුමක්	කළ	හැකිදැයි	15
කුමක්	විය	යුතු	11
කුමක්	විය	යුතුද	162
කුමක්	විය	යුතුදැයි	7
කුමක්	විය	හැකි	6
කුමක්	විය	හැකිද	4466
කුමක්	විය	හැකිදැයි	26
කෙටි	අනුවාදය	කුමක්ද	7690
කෙටි	අනුවාදය	නම්	2
කෙටි	අනුවාදය	මම	2
කෙටි	අනුවාදය	වන්නේ	2
කෙටි	අනුවාදය	වැනි	1
කෙටි	අනුවාදය	ළදරුවන්ට	1
කෙටි	වාක්යයක්	ඇයව	1
කෙටි	වාක්යයක්	ජනනය	36
කෙටි	වාක්යයක්	පමණක්	1
කෙටි	වාක්යයක්	ලබා	1
කෙටි	වාක්යයක්	ලියන්න	2056
කෙටි	වාක්යයක්	සඳහා	1
කෙටි	සාරාංශය	අනාගත	1
කෙටි	සාරාංශය	කියවීමට	1
කෙටි	සාරාංශය	කුමක්ද	11212
කෙටි	සාරාංශයක්	ජනනය	7565
කෙටි	සාරාංශයක්	දෙන්න	5
කෙටි	සාරාංශයක්	ලියන්න	18818
කෙටි	සාරාංශයක්	වන	6
කෙටි	සාරාංශයක්	සපයන්න	8
කෙටි	සාරාංශයක්	සාදන්න	7539
කෙටියෙන්	සාරාංශ	කරන්න	11266
කෙටියෙන්	සාරාංශ	කරමු	1
කෙටියෙන්	සාරාංශ	කරමුඅපි	1
කෙටියෙන්	සාරාංශ	කරයි	1
කෙටියෙන්	සාරාංශ	කළ	2
කෙටියෙන්	සාරාංශ	කිරීම	1
කෙරෙහි	අවධානය	යොමු	7308
කෙරෙහි	අවධානය	යොමුකරනු	3
කෙරෙහි	අවධානය	යොමුකිරීමේ	2
කෙරෙහි	අවධානය	යොමුකොට	4
කෙරෙහි	අවධානය	යොමුව	4
කෙරෙහි	අවධානය	වෙනතකට	2
කෙසේ	වෙතත්	එය	923
කෙසේ	වෙතත්	ඔබ	479
කෙසේ	වෙතත්	ඔවුන්	437
කෙසේ	වෙතත්	ඔහු	621
කෙසේ	වෙතත්	මම	454
කෙසේ	වෙතත්	මෙම	1095
කෙසේද	යන්න	ගැන	503
කෙසේද	යන්න	තීරණය	162
කෙසේද	යන්න	තේරුම්	111
කෙසේද	යන්න	පැහැදිලි	220
කෙසේද	යන්න	පිළිබඳ	1401
කෙසේද	යන්න	පිළිබඳව	1156
ඛණ්ඩයකින්	සාරාංශ	කරන්න	7548
ඛණ්ඩයකින්	සාරාංශ	කළ	2
ගණිත	ගැටලුව	නම්	2
ගණිත	ගැටලුව	පැය	140
ගණිත	ගැටලුව	මීටර්	29
ගණිත	ගැටලුව	විසඳන්න	7370
ගණිත	ගැටලුව	සඳහා	14463
ගණිත	ගැටලුව	සහ	3
ගණිත	ගැටලුවට	ඒකාබද්ධයට	2
ගණිත	ගැටලුවට	පළමු	5
ගණිත	ගැටලුවට	පිළිතුර	2
ගණිත	ගැටලුවට	පිළිතුරක්	1
ගණිත	ගැටලුවට	පිළිතුරු	3
ගණිත	ගැටලුවට	විසඳුම	7352
ගත	හැකි	අතර	1944
ගත	හැකි	තේරීම්	531
ගත	හැකි	නම්	657
ගත	හැකි	බව	1487
ගත	හැකි	බවයි	794
ගත	හැකි	විය	518
ගත්	අතර	එය	1214
ගත්	අතර	එහි	220
ගත්	අතර	ඔවුන්	396
ගත්	අතර	ඔහු	497
ගත්	අතර	ඔහුගේ	309
ගත්	අතර	පසුව	431
ගමන්	කරන	අතර	447
ගමන්	කරන	අතරතුර	105
ගමන්	කරන	ආකාරය	185
ගමන්	කරන	බව	337
ගමන්	කරන	බවයි	175
ගමන්	කරන	විට	1846
ගැටලුව	මෙම	ඡේදයේ	143
ගැටලුව	මෙම	ප්රශ්න	2688
ගැටලුව	මෙම	පාඨය	448
ගැටලුව	මෙම	ලැයිස්තුවේ	2
ගැටලුව	මෙම	ලිපිය	2
ගැටලුව	මෙම	වාක්ය	15
ගැටලුව	සඳහා	එක්	6
ගැටලුව	සඳහා	විසඳන්න	11073
ගැටලුව	සඳහා	විසඳුම	7342
ගැටලුව	සඳහා	විසඳුමක්	7
ගැටලුව	සඳහා	සුදුසු	4
ගැටලුව	සඳහා	හැකි	4
ගැටලුවට	විසඳුම	කුමක්ද	7355
ගැටලුවට	විසඳුම	රැගෙන	1
ගැටලුවට	විසඳුම	වේ	1
ගැටලුවට	විසඳුම	ශ්රී	1
ගැටලුවට	විසඳුම	සොයන්න	1
ගැටලුවට	විසඳුම	සොයා	1
ගැටළුව	සඳහා	වඩාත්	1
ගැටළුව	සඳහා	විය	1
ගැටළුව	සඳහා	විසඳන්න	2832
ගැටළුව	සඳහා	ස්ථාපනය	1
ගැටළුව	සඳහා	හි	1
ගැටළුව	සඳහා	හේතු	1
ගැන	කතා	කරන	1353
ගැන	කතා	කරයි	1089
ගැන	කතා	කළ	657
ගැන	කතා	කළේය	603
ගැන	කතා	කිරීම	517
ගැන	කතා	කිරීමට	1411
ගැන	මම	ආඩම්බර	189
ගැන	මම	ඉතා	375
ගැන	මම	කනස්සල්ලට	107
ගැන	මම	පුදුම	206
ගැන	මම	පුදුමයට	127
ගැන	මම	සතුටු	1222
ගැන	වැඩි	අවධානයක්	35
ගැන	වැඩි	යමක්	222
ගැන	වැඩි	වැඩියෙන්	119
ගැන	වැඩි	විශ්වාසයක්	27
ගැන	වැඩි	විස්තර	1351
ගැන	වැඩි	සැලකිල්ලක්	111
ගැනීමට	උත්සාහ	කරන	1606
ගැනීමට	උත්සාහ	කරන්න	594
ගැනීමට	උත්සාහ	කරමින්	331
ගැනීමට	උත්සාහ	කරයි	1113
ගැනීමට	උත්සාහ	කළ	1009
ගැනීමට	උත්සාහ	කිරීම	520
ගැනීමට	උපකාරී	වන	293
ගැනීමට	උපකාරී	වනු	257
ගැනීමට	උපකාරී	විය	191
ගැනීමට	උපකාරී	වී	31
ගැනීමට	උපකාරී	වූ	76
ගැනීමට	උපකාරී	වේ	1382
ගැනීමට	නොහැකි	තරම්	233
ගැනීමට	නොහැකි	වනු	272
ගැනීමට	නොහැකි	විය	1214
ගැනීමට	නොහැකි	වී	135
ගැනීමට	නොහැකි	වීම	205
ගැනීමට	නොහැකි	වූ	990
ගුරුවරයාගේ	පිළිතුර	අපි	1248
ගෙන	ඇති	අතර	1747
ගෙන	ඇති	නමුත්	123
ගෙන	ඇති	බව	1270
ගෙන	ඇති	බවට	172
ගෙන	ඇති	බවත්	199
ගෙන	ඇති	බවයි	459
ගෙන	යන	අතර	438
ගෙන	යන	බව	266
ගෙන	යන	ලද	492
ගෙන	යන	ලදී	1085
ගෙන	යන	ලෙස	170
ගෙන	යන	විට	348
ගෙන	යා	නොහැක	75
ගෙන	යා	යුතු	140
ගෙන	යා	යුතුය	111
ගෙන	යා	හැක	71
ගෙන	යා	හැකි	1487
ගෙන	යා	හැකිය	343
ගොස්	ඇති	අතර	2977
ගොස්	ඇති	නමුත්	144
ගොස්	ඇති	බව	2003
ගොස්	ඇති	බවට	207
ගොස්	ඇති	බවත්	236
ගොස්	ඇති	බවයි	806
ඝාතනය	කිරීම	ගැන	58
ඝාතනය	කිරීම	පිළිබඳ	35
ඝාතනය	කිරීම	සඳහා	119
ඝාතනය	කිරීම	සම්බන්ධයෙන්	1216
ඝාතනය	කිරීම	සහ	143
ඝාතනය	කිරීම	හෙළා	33
චෝදනා	එල්ල	කර	128
චෝදනා	එල්ල	වන	141
චෝදනා	එල්ල	විය	1504
චෝදනා	එල්ල	වී	2129
චෝදනා	එල්ල	වූ	1250
චෝදනා	එල්ල	වේ	710
ඡේදය	මත	ඔව්	1
ඡේදය	මත	පදනම්	1
ඡේදය	මත	පදනම්ව	5001
ඡේදයේ	කෙටි	සාරාංශයක්	7565
ජනනය	කළ	ප්රශ්නය	19
ජනනය	කළ	යුතුය	17
ජනනය	කළ	හැක	28
ජනනය	කළ	හැකි	87
ජනනය	කළ	හැකිද	7683
ජනනය	කළ	හැකිය	74
ජනවාරි	වන	අඟහරුවාදා	19
ජනවාරි	වන	තෙක්	18
ජනවාරි	වන	දා	11
ජනවාරි	වන	දින	1848
ජනවාරි	වන	විට	138
ජනවාරි	වන	සඳුදා	18
ජනාධිපති	ජෝර්ජ්	එච්	53
ජනාධිපති	ජෝර්ජ්	එච්ඩබ්ලිව්	46
ජනාධිපති	ජෝර්ජ්	ඩබ්ලිව්	1328
ජනාධිපති	ජෝර්ජ්	ඩබ්ලිව්ගේ	12
ජනාධිපති	ජෝර්ජ්	බුෂ්	35
ජනාධිපති	ජෝර්ජ්	බුෂ්ගේ	9
ජනාධිපති	බැරැක්	ඔබාමා	1250
ජනාධිපති	බැරැක්	ඔබාමාගෙන්	11
ජනාධිපති	බැරැක්	ඔබාමාගේ	210
ජනාධිපති	බැරැක්	ඔබාමාට	102
ජනාධිපති	බැරැක්	ඔබාමාව	2
ජනාධිපති	බැරැක්	වටේ	1
ජීවිත	කාලය	තුළ	566
ජීවිත	කාලය	තුළම	48
ජීවිත	කාලය	පුරාම	1175
ජීවිත	කාලය	පුරාවට	81
ජීවිත	කාලය	පුරාවටම	338
ජීවිත	කාලය	සඳහා	59
ජූලි	වන	දින	1552
ජූලි	වන	දිනට	10
ජූලි	වන	දිනදී	9
ජූලි	වන	බදාදා	10
ජූලි	වන	විට	104
ජූලි	වන	සඳුදා	8
ජෝර්ජ්	ඩබ්ලිව්	ඉරාකයේ	12
ජෝර්ජ්	ඩබ්ලිව්	එක්සත්	10
ජෝර්ජ්	ඩබ්ලිව්	බුෂ්	1241
ජෝර්ජ්	ඩබ්ලිව්	බුෂ්ගෙන්	10
ජෝර්ජ්	ඩබ්ලිව්	බුෂ්ගේ	357
ජෝර්ජ්	ඩබ්ලිව්	බුෂ්ට	38
ට	වඩා	අඩු	1001
ට	වඩා	අඩුය	238
ට	වඩා	අඩුවෙන්	184
ට	වඩා	පහත	195
ට	වඩා	බෙහෙවින්	141
ට	වඩා	වැඩි	1080
ට්විටර්	හි	ඔහුගේ	28
ට්විටර්	හි	නිව්	45
ට්විටර්	හි	පළ	109
ට්විටර්	හි	මෙසේ	25
ට්විටර්	හි	ලිවීය	48
ට්විටර්	හි	හැඟීම	11840
ට්වීට්	එකක	උදාහරණයක්	5919
ට්වීට්	එකක	එකතු	2
ට්වීට්	එකක	ඔහු	5
ට්වීට්	එකක	ට්විටර්	2
ට්වීට්	එකක	ලිවීය	3
ට්වීට්	එකක	සඳහන්	3
ට්වීට්	එකක්	ජනනය	5951
ට්වීට්	එකක්	පළ	23
ට්වීට්	එකක්	රචනා	26
ට්වීට්	එකක්	ලියන්න	8234
ට්වීට්	එකක්	සමඟ	13
ට්වීට්	එකක්	සාදන්න	28
ට්වීට්	එකෙහි	බෲක්ස්	1
ට්වීට්	එකෙහි	ලැජ්ජා	1
ට්වීට්	එකෙහි	සය	1
ට්වීට්	එකෙහි	හැගීම	5923
ට්වීට්	එකෙහි	හැඟීම	1
ට්වීට්	එකෙහි	හැඟීම්	1
ට්වීට්	එකේ	ඇති	5
ට්වීට්	එකේ	කියවුනේ	2
ට්වීට්	එකේ	මෙසේ	2
ට්වීට්	එකේ	හැඟීම	5942
ට්වීට්	එකේ	හොඳම	1
ට්වීට්	එකේ	ෆ්ලොරිඩා	1
ට්වීට්	කරන්න	එය	116
ට්වීට්	කරන්න	ඔබ	171
ට්වීට්	කරන්න	මගේ	165
ට්වීට්	කරන්න	මට	253
ට්වීට්	කරන්න	මම	417
ට්වීට්	කරන්න	විය	3462
ට්වීට්	මගින්	මිලදී	1
ට්වීට්	මගින්	මිෂෙල්	1
ට්වීට්	මගින්	මූර්තිමත්	5946
ට්වීට්	මගින්	විස්මිත	1
ට්වීට්	මගින්	වෛරී	1
ට්වීට්	මගින්	සාකච්ඡා	1
ට්වීට්	වර්ග	ඔබේ	760
ට්වීට්	වර්ග	තේරීම්	391
ට්වීට්	වර්ග	තෝරන්න	928
ට්වීට්	වර්ග	පවතින	753
ට්වීට්	වර්ග	පහත	724
ට්වීට්	වර්ග	විකල්ප	1086
ට්වීට්	හැඟීම්	ඔබේ	717
ට්වීට්	හැඟීම්	තෝරන්න	992
ට්වීට්	හැඟීම්	පවතින	688
ට්වීට්	හැඟීම්	පහත	760
ට්වීට්	හැඟීම්	විකල්ප	1159
ට්වීට්	හැඟීම්	හැකි	365
ට්වීට්	හි	මිණුම්	1
ට්වීට්	හි	යුදෙව්	1
ට්වීට්	හි	වාර්තාකරුගේ	1
ට්වීට්	හි	සංවේදී	1
ට්වීට්	හි	හැඟීම	5941
ට්වීට්	හි	හැඟීම්	1
ඩොලර්	ක්	පමණ	1333
ඩොලර්	ක්	ලබා	492
ඩොලර්	ක්	වන	670
ඩොලර්	ක්	වැය	1348
ඩොලර්	ක්	වියදම්	480
ඩොලර්	ක්	සහ	725
ඩොලර්	බිලියන	ක	2399
ඩොලර්	බිලියන	කට	1109
ඩොලර්	බිලියන	ක්	2684
ඩොලර්	බිලියන	ගණනක	355
ඩොලර්	බිලියන	දක්වා	633
ඩොලර්	බිලියන	සිට	225
ඩොලර්	මිලියන	ක	3488
ඩොලර්	මිලියන	කට	1988
ඩොලර්	මිලියන	ක්	5727
ඩොලර්	මිලියන	ගණනක	397
ඩොලර්	මිලියන	දක්වා	766
ඩොලර්	මිලියන	සිට	396
තනි	වාක්ය	ඛණ්ඩයකින්	7548
තනි	වාක්ය	පරතරය	2
තනි	වාක්ය	පරතරයට	1
තනි	වාක්ය	ලෙස	1
තනි	වාක්ය	විචාරයක්	1
තනි	වාක්ය	සාරාංශයක්	2
තර්ක	කිරීමේ	ක්රමයකි	2
තර්ක	කිරීමේ	ක්රියාවලිය	1489
තර්ක	කිරීමේ	පැනීම	2
තර්ක	කිරීමේ	හැකියාවක්	3
තර්ක	කිරීමේ	හැකියාවන්	2
තර්ක	කිරීමේ	හැකියාවෙනි	1
තවත්	බොහෝ	අය	246
තවත්	බොහෝ	කාලයක්	27
තවත්	බොහෝ	දෙනෙක්	174
තවත්	බොහෝ	දෙනෙකුට	95
තවත්	බොහෝ	දේ	1862
තවත්	බොහෝ	ස්ථාන	36
තවදුරටත්	මෙසේ	කියයි	94
තවදුරටත්	මෙසේ	පවසයි	77
තවදුරටත්	මෙසේ	පැවසීය	2358
තවදුරටත්	මෙසේ	පැවසුවාය	577
තවදුරටත්	මෙසේ	ලිවීය	3
තවදුරටත්	මෙසේ	සඳහන්	4
ත්	ත්	අතර	1678
ත්	ත්	ත්	4
ත්	ත්	නැත්නම්	2
ත්	ත්	පමණ	3
ත්	ත්	ප්රමාණයේ	11
ත්	ත්	මනින	2
තීරණය	කිරීම	අපහසුය	33
තීරණය	කිරීම	ගැන	61
තීරණය	කිරීම	ද	21
තීරණය	කිරීම	දුෂ්කර	37
තීරණය	කිරීම	සඳහා	1178
තීරණය	කිරීම	සහ	48
තේරී	පත්	නොවූ	55
තේරී	පත්	විය	824
තේරී	පත්	වී	89
තේරී	පත්	වුවහොත්	249
තේරී	පත්	වූ	2939
තේරී	පත්	වූයේ	101
තේරීම්	ඔව්	එය	1335
තේරීම්	ඔව්	ඒක	125
තේරීම්	ඔව්	කියන්න	435
තේරීම්	ඔව්	නැත	116
තේරීම්	ඔව්	නැහැ	87
තේරීම්	ඔව්	බී	427
තේරීම්	ගැටලුව	කළු	44
තේරීම්	ගැටලුව	මිනිසුන්	46
තේරීම්	ගැටලුව	මිනිසෙක්	70
තේරීම්	ගැටලුව	මෙම	1485
තේරීම්	ගැටලුව	යන	39
තේරීම්	ගැටලුව	රතු	42
තේරීම්	සෘණ	ධන	85
තේරීම්	සෘණ	ධනාත්මක	2590
තේරීම්	සෘණ	ධනාත්මකපහත	3
තේරීම්	සෘණ	ධනාත්මකමම	150
තේරීම්	සෘණ	බී	560
තේරීම්	සෘණ	මම	7
තේරුමක්	නැති	දෙයක්	76
තේරුමක්	නැති	නිසා	15
තේරුමක්	නැති	බව	38
තේරුමක්	නැති	බවයි	27
තේරුමක්	නැති	වාක්ය	2134
තේරුමක්	නැති	සහ	9
තොරතුරු	ගැන	අදහස්	3
තොරතුරු	ගැන	උනන්දුවක්	3
තොරතුරු	ගැන	ඔබ	3
තොරතුරු	ගැන	කතා	6
තොරතුරු	ගැන	විමසන්නේද	1356
තොරතුරු	ගැන	සැලකිලිමත්	4
තොරව	සත්යාපනය	කළ	1437
තොරව	සත්යාපනය	සමඟ	1
තෝරන්න	ඔව්	එය	4266
තෝරන්න	ඔව්	ඒක	419
තෝරන්න	ඔව්	කියන්න	1218
තෝරන්න	ඔව්	නැත	410
තෝරන්න	ඔව්	නැහැ	225
තෝරන්න	ඔව්	බී	1033
තෝරන්න	නැත	ආ	2
තෝරන්න	නැත	ඔව්	1818
තෝරන්න	නැත	ඔව්ඒ	2
තෝරන්න	නැත	ඔව්මම	27
තෝරන්න	නැත	බී	289
තෝරන්න	පහත	ප්රශ්න	1355
තෝරන්න	පහත	පෙළ	582
තෝරන්න	පහත	වාක්ය	21
තෝරන්න	පහත	වාක්යය	31
තෝරන්න	පහත	සඳහන්	37
තෝරන්න	පහත	සමාලෝචනය	2084
තෝරන්න	පූර්විකාව	අනුව	2053
තෝරන්න	පූර්විකාව	එය	22
තෝරන්න	පූර්විකාව	ඔබ	12
තෝරන්න	පූර්විකාව	ඔහු	25
තෝරන්න	පූර්විකාව	මට	11
තෝරන්න	පූර්විකාව	මම	26
තෝරන්න	මෙම	ට්විටර්	5923
තෝරන්න	මෙම	ට්වීට්	5939
තෝරන්න	මෙම	පාඨය	443
තෝරන්න	මෙම	ලිපිය	455
තෝරන්න	මෙම	වාක්යයන්	194
තෝරන්න	මෙම	සමාලෝචනය	2090
තෝරන්න	මේ	කුමක්	449
තෝරන්න	මේ	ප්රශ්න	1332
තෝරන්න	මේ	වන	2
තෝරන්න	මේ	වාක්ය	184
තෝරන්න	මේ	සියල්ල	1
තෝරන්න	මේ	සියලු	1
තෝරන්න	සෘණ	ධන	289
තෝරන්න	සෘණ	ධනාත්මක	8431
තෝරන්න	සෘණ	ධනාත්මකපහත	8
තෝරන්න	සෘණ	ධනාත්මකමම	508
තෝරන්න	සෘණ	බී	1404
තෝරන්න	සෘණ	මම	24
දැකගත	හැකි	අතර	61
දැකගත	හැකි	වනු	80
දැකගත	හැකි	විය	1107
දැකගත	හැකි	වූ	193
දැකගත	හැකි	වූයේ	45
දැකගත	හැකි	වේ	28
දැක්වෙන	වාක්ය	ඛණ්ඩය	48
දැක්වෙන	වාක්ය	දෙක	7
දැක්වෙන	වාක්ය	දෙකෙන්	1134
දැක්වෙන	වාක්ය	දෙකෙහි	31
දැක්වෙන	වාක්ය	වලින්	80
දැක්වෙන	වාක්ය	සත්ය	6
දැන	සිටියේ	ඔවුන්	18
දැන	සිටියේ	ඔහු	23
දැන	සිටියේ	කුමක්ද	34
දැන	සිටියේ	නම්	134
දැන	සිටියේ	නැත	1555
දැන	සිටියේ	නැහැ	31
දැයි	අපට	කියන්න	5
දැයි	අපට	දන්වන්න	7
දැයි	අපට	නිගමනය	8
දැයි	අපට	පවසන්නේ	19
දැයි	අපට	පවසන්නේද	2044
දැයි	අපට	විශ්වාස	20
දැයි	තීරණය	කරන	14
දැයි	තීරණය	කරන්න	1894
දැයි	තීරණය	කරනු	16
දැයි	තීරණය	කළ	27
දැයි	තීරණය	කිරීම	56
දැයි	තීරණය	කිරීමට	162
දිගටම	කරගෙන	ගියේය	473
දිගටම	කරගෙන	යන	846
දිගටම	කරගෙන	යන්න	992
දිගටම	කරගෙන	යනු	402
දිගටම	කරගෙන	යයි	528
දිගටම	කරගෙන	යාමට	1349
දිගු	කලක්	ගත	40
දිගු	කලක්	ජීවත්	68
දිගු	කලක්	තිස්සේ	1504
දිගු	කලක්	බලා	121
දිගු	කලක්	මිතුරන්	24
දිගු	කලක්	සේවය	29
දින	නිව්	ඕර්ලියන්ස්	7
දින	නිව්	ජර්සි	38
දින	නිව්	මෙක්සිකෝවේ	66
දින	නිව්	යෝර්ක්	1671
දින	නිව්	යෝර්ක්හි	21
දින	නිව්	හැම්ප්ෂයර්	22
දිය	නොහැකි	ආපසු	675
දිය	නොහැකි	නම්	3455
දිය	නොහැකි	බව	115
දිය	නොහැකි	යන්න	74
දිය	නොහැකි	යැයි	2459
දිය	නොහැකි	ලෙස	1388
දියුණු	කිරීම	අරමුණු	21
දියුණු	කිරීම	කෙරෙහි	20
දියුණු	කිරීම	මගින්	23
දියුණු	කිරීම	වැනි	20
දියුණු	කිරීම	සඳහා	1117
දියුණු	කිරීම	සහ	128
දිවා	ආහාරය	ගන්නා	94
දිවා	ආහාරය	ගනිමින්	100
දිවා	ආහාරය	ගැනීමට	113
දිවා	ආහාරය	සඳහා	1256
දිවා	ආහාරය	සහ	148
දිවා	ආහාරය	හෝ	80
දිවි	ගලවා	ගත්	2478
දිවි	ගලවා	ගත්තේය	123
දිවි	ගලවා	ගත්හ	89
දිවි	ගලවා	ගැනීම	95
දිවි	ගලවා	ගැනීමට	185
දිවි	ගලවා	ගැනීමේ	136
දී	ඇති	අතර	2210
දී	ඇති	තොරතුරු	186
දී	ඇති	බව	1161
දී	ඇති	බවත්	198
දී	ඇති	බවයි	510
දී	ඇති	වාක්යය	328
දී	ඉදිකරන	ලද	1219
දී	ඉදිකරන	ලද්දක්	4
දී	ඉදිකරන	ලද්දකි	23
දී	ඉදිකරන	ලද්දේ	6
දී	ඉදිකරන	ලදී	27
දී	ඉදිකරන	විට	4
දෙක	අහන්නේ	එකම	1343
දෙක	එකම	අකුරු	2
දෙක	එකම	අර්ථයක්	171
දෙක	එකම	තොරතුරු	1540
දෙක	එකම	දිනයේ	2
දෙක	එකම	දෙයකට	2
දෙක	එකම	විනාශකාරී	2
දෙක	එකිනෙක	එකඟ	2
දෙක	එකිනෙක	පරස්පරද	1332
දෙක	එකිනෙක	පරාවර්තක	383
දෙක	එකිනෙක	සන්සන්දනය	1
දෙක	එකිනෙක	සම්බන්ධ	2
දෙක	එකිනෙක	ස්පර්ශ	1
දෙකක	සාරාංශයක්	ජනනය	1
දෙකක	සාරාංශයක්	ලියන්න	3656
දෙකක	සාරාංශයක්	සංවර්ධනය	1
දෙකක	සාරාංශයක්	සකස්	1
දෙකක	සාරාංශයක්	සාදන්න	1
දෙකට	උත්තර	එක	1310
දෙකෙන්	තේරුමක්	නැති	1075
දෙකෙන්	සාමාන්ය	බුද්ධියට	1095
දෙවන	වාක්යය	කෙලින්ම	2
දෙවන	වාක්යය	පළමු	2877
දෙවන	වාක්යය	ව්යාකරණමය	2
දෙවන	වාක්යය	වෙනස්	2
දෙවන	වාක්යය	සත්ය	2854
දෙවන	වාක්යය	සුබ	1
දෙස	බලන	අතර	137
දෙස	බලන	ආකාරය	169
දෙස	බලන	බව	45
දෙස	බලන	බවක්	49
දෙස	බලන	බවයි	47
දෙස	බලන	විට	1130
දෙස	බලා	සිටි	242
දෙස	බලා	සිටිති	381
දෙස	බලා	සිටින	1312
දෙස	බලා	සිටියේය	226
දෙස	බලා	සිටී	438
දෙස	බලා	සිටීම	214
දෙසැම්බර්	වන	අඟහරුවාදා	82
දෙසැම්බර්	වන	තෙක්	14
දෙසැම්බර්	වන	දින	1750
දෙසැම්බර්	වන	දිනට	11
දෙසැම්බර්	වන	විට	151
දෙසැම්බර්	වන	සඳුදා	14
ධනාත්මක	ට්වීට්	එකක්	1588
ධනාත්මක	ට්වීට්	කිහිපයක්	1
ධනාත්මක	ට්වීට්	ලැබුණි	1
ධනාත්මක	පහත	වාක්ය	43
ධනාත්මක	පහත	සඳහන්	144
ධනාත්මක	පහත	හැඟීම්	5896
ධනාත්මක	මම	ඔවුන්ව	1
ධනාත්මක	මම	බළලුන්ට	1
ධනාත්මක	මම	හිතන්නේ	3489
ධනාත්මක	සඳහා	උදාහරණයක්	1138
ධනාත්මක	සඳහා	ප්රතිදානය	1
ධනාත්මක	සඳහා	විභවය	1
ධනාත්මක	සඳහා	සත්ය	1
ධනාත්මක	සඳහා	හේතු	1
ධනාත්මක	හෝ	ඍණාත්මක	18
ධනාත්මක	හෝ	නිෂේධාත්මක	256
ධනාත්මක	හෝ	සෘණ	92
ධනාත්මක	හෝ	සෘණාත්මක	262
ධනාත්මක	හෝ	සෘණාත්මකද	4522
ධනාත්මක	හෝ	සෘණාත්මකව	2093
ධනාත්මකමම	හිතන්නේ	උත්තරය	3953
ධනාත්මකමම	හිතන්නේ	පිළිතුර	220
ධනාත්මකමම	හිතන්නේ	පිළිතුරයි	108
නම්	අපට	එය	70
නම්	අපට	කාන්තාවක්	62
නම්	අපට	නිගමනය	1323
නම්	අපට	පිරිමි	63
නම්	අපට	මිනිසුන්	64
නම්	අපට	මිනිසෙක්	93
නම්	උපකල්පනය	අවසන්	2
නම්	උපකල්පනය	කරන	1
නම්	උපකල්පනය	වන්නේ	1
නම්	උපකල්පනය	සත්ය	2053
නම්	උපකල්පනය	සහාය	1
නම්	උපකල්පනයද	එසේ	2866
නම්	එය	අපට	168
නම්	එය	ඉතා	223
නම්	එය	ඔබට	166
නම්	එය	තර්කානුකූලව	1898
නම්	එය	පැවසිය	153
නම්	එය	බොහෝ	187
නම්	එයින්	අදහස්	3212
නම්	එයින්	අපට	14
නම්	එයින්	ඇඟවෙන්නේ	22
නම්	එයින්	ඇති	5
නම්	එයින්	පවසන්නේ	5
නම්	එයින්	පෙන්නුම්	5
නම්	ඒ	කියන්නේ	2747
නම්	ඒ	ගැන	53
නම්	ඒ	පිළිබඳව	20
නම්	ඒ	වෙනුවට	123
නම්	ඒ	සඳහා	115
නම්	ඒ	සියල්ල	61
නම්	කර	ඇත	1516
නම්	කර	ඇත්තේ	317
නම්	කර	ඇති	1233
නම්	කර	තිබේ	54
නම්	කර	නැත	100
නම්	කර	නොමැති	69
නම්	කරන	බව	46
නම්	කරන	ලද	2392
නම්	කරන	ලද්දේ	170
නම්	කරන	ලදී	2320
නම්	කරන	ලෙස	60
නම්	කරන	විට	33
නම්	කියන්න	ඔහු	2
නම්	කියන්න	ඕන	3
නම්	කියන්න	බෑ	14632
නම්	කියන්න	මට	2
නම්	කියන්න	හිරිහැර	1
නම්	කියන්න	හොඳ	1
නම්	දෙවන	අසල්වැසියා	4
නම්	දෙවන	දිනයේ	4
නම්	දෙවන	මතයක්	4
නම්	දෙවන	ලෝක	9
නම්	දෙවන	වාක්යය	2854
නම්	දෙවන	සංඛ්යාවේ	3
නම්	පිළිතුරු	දිය	4541
නම්	පිළිතුරු	දෙන්න	3
නම්	පිළිතුරු	නොගැලපෙන	3
නම්	පිළිතුරු	නොදී	1
නම්	පිළිතුරු	නොදුන්නේය	2
නම්	පිළිතුරු	සෙවීමට	1
නම්	මට	එය	96
නම්	මට	එයට	420
නම්	මට	කමක්	23
නම්	මට	කියන්න	1364
නම්	මට	දන්වන්න	81
නම්	මට	මගේ	37
නම්	මෙයින්	අදහස්	1984
නම්	මෙයින්	ඇඟවෙන්නේ	4
නම්	මෙයින්	ඉවත්	2
නම්	මෙයින්	ගම්ය	3
නම්	මෙයින්	මිදීමට	1
නම්	මෙයින්	සමහරක්	1
නව	යොවුන්	ක්රීඩක	9
නව	යොවුන්	විය	90
නව	යොවුන්	වියට	74
නව	යොවුන්	වියෙන්	9
නව	යොවුන්	වියේ	2665
නව	යොවුන්	වියේදී	390
නැත	පහත	තක්සේරුව	2
නැත	පහත	තොරතුරු	2
නැත	පහත	ලිපියෙන්	4
නැත	පහත	ලේඛන	1
නැත	පහත	සත්ය	1330
නැත	පහත	සඳහන්	2
නැත	බී	ඇය	3
නැත	බී	ඔව්	1226
නැත	බී	ඔව්ඒ	5
නැත	බී	ඔව්මම	28
නැත	බී	ඔවුන්	2
නැත	බී	ලෙස්ලි	1
නැත	සහ	එකතුවෙන්	26
නැත	සහ	එය	30
නැත	සහ	ඔහු	22
නැත	සහ	පිළිතුර	2630
නැත	සහ	මම	36
නැත	සහ	හි	18
නැති	වාක්ය	අතර	1
නැති	වාක්ය	ඛණ්ඩයකි	1
නැති	වාක්ය	දෙකකි	1
නැති	වාක්ය	මොනවාද	2134
නෑමම	හිතන්නේ	උත්තරය	168
නෑමම	හිතන්නේ	උත්තරේ	1627
නෑමම	හිතන්නේ	පිළිතුර	3
නෑමම	හිතන්නේ	මම	2
නිකුත්	කරන	බව	145
නිකුත්	කරන	ලද	5771
නිකුත්	කරන	ලද්දේ	178
නිකුත්	කරන	ලදී	3530
නිකුත්	කරන	ලෙස	111
නිකුත්	කරන	විට	217
නිකුත්	කරමින්	ඔහු	53
නිකුත්	කරමින්	කියා	4054
නිකුත්	කරමින්	පවසයි	33
නිකුත්	කරමින්	පැවසීය	104
නිකුත්	කරමින්	පැවසුවේ	42
නිකුත්	කරමින්	මෙසේ	92
නිගමනය	කළ	අතර	26
නිගමනය	කළ	බව	14
නිගමනය	කළ	හැක්කේ	2822
නිගමනය	කළ	හැකි	16
නිගමනය	කළ	හැකිද	28783
නිගමනය	කළ	හැකිය	4887
නිර්මාණය	කර	ඇත	1486
නිර්මාණය	කර	ඇත්තේ	804
නිර්මාණය	කර	ඇති	2376
නිර්මාණය	කර	තිබේ	41
නිර්මාණය	කර	නැත	55
නිර්මාණය	කර	නොමැති	35
නිර්මාණය	කරන	අතර	107
නිර්මාණය	කරන	බව	111
නිර්මාණය	කරන	ලද	3435
නිර්මාණය	කරන	ලද්දේ	250
නිර්මාණය	කරන	ලදී	742
නිර්මාණය	කරන	විට	99
නිර්මාණය	කිරීම	කෙරෙහි	54
නිර්මාණය	කිරීම	ගැන	70
නිර්මාණය	කිරීම	සඳහා	1496
නිර්මාණය	කිරීම	සම්බන්ධයෙන්	51
නිර්මාණය	කිරීම	සහ	350
නිර්මාණය	කිරීම	හෝ	47
නිව්	ජර්සි	ආණ්ඩුකාර	194
නිව්	ජර්සි	වරාය	45
නිව්	ජර්සි	වෙත	47
නිව්	ජර්සි	සහ	140
නිව්	ජර්සි	ස්වේච්ඡා	45
නිව්	ජර්සි	හි	1178
නිව්	යෝර්ක්	ටයිම්ස්	3129
නිව්	යෝර්ක්	නගරය	613
නිව්	යෝර්ක්	නගරයේ	3799
නිව්	යෝර්ක්	සංස්කරණයේ	1252
නිව්	යෝර්ක්	සහ	540
නිව්	යෝර්ක්	හි	3481
නිවැරදි	පිළිතුර	අඩංගු	368
නිවැරදි	පිළිතුර	කුමක්ද	19
නිවැරදි	පිළිතුර	තෝරන්න	2522
නිවැරදි	පිළිතුර	ද	25
නිවැරදි	පිළිතුර	ලබා	9
නිවැරදි	පිළිතුර	වන්නේ	11
නිවැරදිද	එය	මානව	1437
නිවැරදිද	එය	ෂාප්ටන්	1
නිවේදනයක්	නිකුත්	කර	51
නිවේදනයක්	නිකුත්	කරන	93
නිවේදනයක්	නිකුත්	කරමින්	2483
නිවේදනයක්	නිකුත්	කළ	41
නිවේදනයක්	නිකුත්	කළේය	67
නිවේදනයක්	නිකුත්	කිරීමට	22
නිෂ්පාදනය	කරන	අතර	85
නිෂ්පාදනය	කරන	ආකාරය	21
නිෂ්පාදනය	කරන	බව	35
නිෂ්පාදනය	කරන	ලද	1351
නිෂ්පාදනය	කරන	ලද්දේ	168
නිෂ්පාදනය	කරන	ලදී	442
නීතිය	ක්රියාත්මක	කරන	1118
නීතිය	ක්රියාත්මක	කරන්නන්	161
නීතිය	ක්රියාත්මක	කරන්නන්ට	42
නීතිය	ක්රියාත්මක	කිරීම	278
නීතිය	ක්රියාත්මක	කිරීමට	200
නීතිය	ක්රියාත්මක	කිරීමේ	252
නොවැම්බර්	වන	අඟහරුවාදා	12
නොවැම්බර්	වන	ඉරිදා	12
නොවැම්බර්	වන	තෙක්	22
නොවැම්බර්	වන	දින	1550
නොවැම්බර්	වන	බ්රහස්පතින්දා	15
නොවැම්බර්	වන	විට	91
නොහැකි	නම්	එය	127
නොහැකි	නම්	ඔබ	91
නොහැකි	නම්	ඔබට	117
නොහැකි	නම්	ඔවුන්	64
නොහැකි	නම්	පිළිතුරු	3917
නොහැකි	නම්	මම	54
නොහැකි	යැයි	ඔබ	27
නොහැකි	යැයි	කියන්න	251
නොහැකි	යැයි	පවසන්න	2189
නොහැකි	යැයි	පෙනෙන	24
නොහැකි	යැයි	මම	51
නොහැකි	යැයි	සිතූ	20
නොහැකි	ලෙස	ආපසු	309
නොහැකි	ලෙස	තබා	24
නොහැකි	ලෙස	පිළිතුරු	1068
නොහැකි	ලෙස	වෙනස්	18
නොහැකි	ලෙස	සම්බන්ධ	23
නොහැකි	ලෙස	හානි	21
නොහැකි	වනු	ඇත	1330
නොහැකි	වනු	ඇත්තේ	3
නොහැකි	වනු	ඇතැයි	192
නොහැකි	වනු	ඇති	287
නොහැකි	වනු	ඇතිද	1
නොහැකි	වනු	හෝ	1
පටන්	ගත්	අතර	1617
පටන්	ගත්	නමුත්	167
පටන්	ගත්	පසු	303
පටන්	ගත්	බව	331
පටන්	ගත්	බවයි	208
පටන්	ගත්	විට	1210
පටිගත	කරන	අතරතුර	20
පටිගත	කරන	බව	14
පටිගත	කරන	ලද	1076
පටිගත	කරන	ලද්දේ	96
පටිගත	කරන	ලදී	525
පටිගත	කරන	විට	37
පත්	කර	ඇත	1651
පත්	කර	ඇති	1259
පත්	කර	ගන්නා	99
පත්	කර	ගැනීම	213
පත්	කර	ගැනීමට	194
පත්	කර	තිබේ	120
පත්	කරන	බව	346
පත්	කරන	බවයි	189
පත්	කරන	ලද	5328
පත්	කරන	ලද්දේ	226
පත්	කරන	ලදී	2369
පත්	කරන	විට	313
පත්	වූ	අතර	5173
පත්	වූ	නමුත්	640
පත්	වූ	පසු	425
පත්	වූ	බව	1049
පත්	වූ	බවයි	693
පත්	වූ	විට	1120
පදනම්ව	පෙළක්	ලියන්න	14385
පදනම්ව	මෙම	ප්රශ්නයට	1487
පදනම්ව	මෙම	පින්තූරයේ	8
පදනම්ව	මෙම	රීතිය	5
පදනම්ව	මෙම	වසරේ	10
පදනම්ව	මෙම	වාක්යය	595
පදනම්ව	මෙම	ස්ථානය	7
පදනම්ව	ලිපියක්	ලියන්න	2593
පමණක්	වන	අතර	1689
පමණක්	වන	නමුත්	129
පමණක්	වන	නිසා	13
පමණක්	වන	බැවින්	57
පමණක්	වන	බැවිනි	14
පමණක්	වන	විට	30
පව	අපයෝජනය	වාර්තා	1047
පවතින	තේරීම්	අ	228
පවතින	තේරීම්	ඍණ	129
පවතින	තේරීම්	ඔව්	1341
පවතින	තේරීම්	නැත	387
පවතින	තේරීම්	ලෝකය	48
පවතින	තේරීම්	සෘණ	1557
පවතින	විකල්ප	අ	215
පවතින	විකල්ප	ඍණ	141
පවතින	විකල්ප	ඔව්	1353
පවතින	විකල්ප	නැත	331
පවතින	විකල්ප	ලෝක	47
පවතින	විකල්ප	සෘණ	1663
පවුම්	මිලියන	ක	976
පවුම්	මිලියන	කට	569
පවුම්	මිලියන	ක්	1370
පවුම්	මිලියන	ගණනක	102
පවුම්	මිලියන	ගණනක්	62
පවුම්	මිලියන	දක්වා	127
පවුලේ	අය	පවසන්නේ	85
පවුලේ	අය	පැවසුවේ	116
පවුලේ	අය	මිතුරන්	103
පවුලේ	අය	විසින්	206
පවුලේ	අය	සමඟ	1332
පවුලේ	අය	සහ	901
පසුගිය	වසර	කිහිපය	986
පසුගිය	වසර	තුන	313
පසුගිය	වසර	තුළ	1557
පසුගිය	වසර	දෙක	489
පසුගිය	වසර	පහ	410
පසුගිය	වසර	පුරා	368
පහත	ඒවායින්	එකක්	6
පහත	ඒවායින්	කවරක්	10
පහත	ඒවායින්	කුමක්	5
පහත	ඒවායින්	තෝරන්න	10947
පහත	ඒවායින්	තෝරා	388
පහත	ඒවායින්	හි	3
පහත	කරුණු	අනුව	7
පහත	කරුණු	ගැන	244
පහත	කරුණු	භාවිතා	1059
පහත	කරුණු	මත	5
පහත	කරුණු	සලකා	488
පහත	කරුණු	සාරාංශ	379
පහත	ට්වීට්	එක	13
පහත	ට්වීට්	එකට	2
පහත	ට්වීට්	එකෙහි	5925
පහත	ට්වීට්	එකේ	2
පහත	ට්වීට්	විශ්ලේෂණය	2
පහත	ට්වීට්	සෘණ	1
පහත	දැක්වෙන	ඉලක්කය	56
පහත	දැක්වෙන	වාක්ය	1348
පහත	දැක්වෙන	වාක්යය	145
පහත	දැක්වෙන	වාක්යයට	28
පහත	දැක්වෙන	වාක්යයේ	281
පහත	දැක්වෙන	සත්ය	32
පහත	ප්රකාශය	නැවත	14
පහත	ප්රකාශය	නිකුත්	30
පහත	ප්රකාශය	නිවැරදිද	36
පහත	ප්රකාශය	සත්ය	24
පහත	ප්රකාශය	සත්යද	1464
පහත	ප්රකාශය	සඳහා	20
පහත	ප්රශ්න	දෙක	1355
පහත	ප්රශ්න	මාලාවට	27
පහත	ප්රශ්න	විය	2
පහත	ප්රශ්න	සලකා	2
පහත	ප්රශ්න	සහ	31
පහත	ප්රශ්න	හතර	1
පහත	ප්රශ්නයට	පිළිතුරු	2353
පහත	ප්රශ්නයට	මතභේදාත්මක	3
පහත	ප්රශ්නයට	වාක්ය	2
පහත	ප්රශ්නයට	ශුන්ය	1
පහත	ප්රශ්නයට	සරලව	1
පහත	ප්රශ්නයට	සුදුසු	1
පහත	බහුවරණ	ප්රශ්නය	2855
පහත	ලිපිය	කියවා	97
පහත	ලිපිය	කුමක්	363
පහත	ලිපිය	ගැන	383
පහත	ලිපිය	පිළිබඳ	290
පහත	ලිපිය	මුලින්	20
පහත	ලිපිය	සඳහා	4727
පහත	වාක්යය	අර්ථවත්ද	1027
පහත	වාක්යය	නැවත	197
පහත	වාක්යය	ලබා	32
පහත	වාක්යය	සංස්කරණය	159
පහත	වාක්යය	සත්ය	1047
පහත	වාක්යය	සම්පූර්ණ	321
පහත	වැටී	ඇත	1525
පහත	වැටී	ඇතත්	27
පහත	වැටී	ඇත්තේ	32
පහත	වැටී	ඇති	1165
පහත	වැටී	ක්	17
පහත	වැටී	තිබියදීත්	27
පහත	සත්ය	සත්යයක්	1330
පහත	සත්ය	සත්යයක්ද	65
පහත	සත්ය	හෝ	1
පහත	සඳහන්	අනුමාන	577
පහත	සඳහන්	උද්දීපන	1072
පහත	සඳහන්	කරුණු	1700
පහත	සඳහන්	කුමන	748
පහත	සඳහන්	වාක්ය	1814
පහත	සඳහන්	වාක්යවලින්	625
පහත	සමාලෝචනය	කුමන	1
පහත	සමාලෝචනය	චිත්රපටය	254
පහත	සමාලෝචනය	ධනාත්මක	2084
පහත	සමාලෝචනය	බලන්න	1
පහත	සමාලෝචනයේ	නිවැරදි	88
පහත	සමාලෝචනයේ	මනෝභාවය	1
පහත	සමාලෝචනයේ	හැඟීම	2085
පහත	හැඟීම්	ඇති	5928
පහත	හැඟීම්	මනින	1
පහත	හැඟීම්	ලේබල්	1
පහත	හැඟීම්	වර්ග	4
පහත	හැඟීම්	වලින්	1
පහත	හැඟීම්	සඳහා	1
පහළට	අනුචලනය	කර	43
පහළට	අනුචලනය	කරන්න	2451
පහළට	අනුචලනය	කරයි	6
පහළට	අනුචලනය	කළ	7
පහළට	අනුචලනය	කිරීම	3
පහළට	අනුචලනය	කිරීමට	5
පළ	කරන	අතර	45
පළ	කරන	බව	79
පළ	කරන	බවයි	33
පළ	කරන	ලද	1116
පළ	කරන	ලදී	280
පළ	කරන	විට	57
පළමු	වාක්යය	අපට	3
පළමු	වාක්යය	දෙවන	18
පළමු	වාක්යය	නැවත	3
පළමු	වාක්යය	පුනරුච්චාරණය	3
පළමු	වාක්යය	සත්ය	2854
පළමු	වාක්යය	සාදන්න	2
පළමු	වාක්යයට	අවශ්යයෙන්ම	1
පළමු	වාක්යයට	ඇතුළත්ද	2870
පළමු	වාක්යයට	එරෙහිව	3
පළමු	වාක්යයට	වඩා	3
පළමු	වාක්යයට	විෂය	2
පළමු	වාක්යයට	සමාන	2
ප්ර	ස්වාභාවික	භාෂා	1425
ප්රකාශයක්	නිකුත්	කර	79
ප්රකාශයක්	නිකුත්	කරන	35
ප්රකාශයක්	නිකුත්	කරමින්	2756
ප්රකාශයක්	නිකුත්	කළ	78
ප්රකාශයක්	නිකුත්	කළේ	82
ප්රකාශයක්	නිකුත්	කළේය	315
ප්රකාශයට	පත්	කර	1204
ප්රකාශයට	පත්	කරන	5960
ප්රකාශයට	පත්	කළ	940
ප්රකාශයට	පත්	කළේය	804
ප්රකාශයට	පත්	කිරීම	588
ප්රකාශයට	පත්	කිරීමට	1049
ප්රතික්ෂේප	කර	ඇත	1281
ප්රතික්ෂේප	කර	ඇත්තේ	52
ප්රතික්ෂේප	කර	ඇති	758
ප්රතික්ෂේප	කර	තිබුණි	64
ප්රතික්ෂේප	කර	තිබේ	96
ප්රතික්ෂේප	කර	නැත	61
ප්රධාන	විධායක	නිලධාරි	94
ප්රධාන	විධායක	නිලධාරියා	1007
ප්රධාන	විධායක	නිලධාරියෙකු	145
ප්රධාන	විධායක	නිලධාරී	2536
ප්රධාන	විධායක	නිලධාරීන්	282
ප්රධාන	විධායක	ලෙස	102
ප්රවර්ධනය	කිරීම	අරමුණු	30
ප්රවර්ධනය	කිරීම	මගින්	61
ප්රවර්ධනය	කිරීම	සඳහා	1169
ප්රවර්ධනය	කිරීම	සම්බන්ධයෙන්	34
ප්රවර්ධනය	කිරීම	සහ	244
ප්රවර්ධනය	කිරීම	හෝ	26
ප්රවේශ	විය	නොහැක	92
ප්රවේශ	විය	නොහැකි	167
ප්රවේශ	විය	හැක	182
ප්රවේශ	විය	හැක්කේ	62
ප්රවේශ	විය	හැකි	1278
ප්රවේශ	විය	හැකිය	179
ප්රශ්න	අසන්නේ	ඇයි	43
ප්රශ්න	අසන්නේ	එකම	1342
ප්රශ්න	අසන්නේ	කෙසේද	7
ප්රශ්න	අසන්නේ	නම්	3
ප්රශ්න	අසන්නේ	නැත	13
ප්රශ්න	අසන්නේ	නැති	6
ප්රශ්න	එක	ප්රතිචාරයකින්	1
ප්රශ්න	එක	රැයකින්	1
ප්රශ්න	එක	සමාන	1345
ප්රශ්න	එක	හා	1333
ප්රශ්න	දෙක	අහන්නේ	1343
ප්රශ්න	දෙක	එකම	1357
ප්රශ්න	දෙක	එකිනෙක	1332
ප්රශ්න	දෙක	බව	2
ප්රශ්න	දෙක	සඳහා	2
ප්රශ්න	දෙක	සමානද	1355
ප්රශ්න	දෙකට	ඇති	1
ප්රශ්න	දෙකට	උත්තර	1310
ප්රශ්න	දෙකට	නිවැරදිව	1
ප්රශ්නය	කුමක්	අතරතුර	2
ප්රශ්නය	කුමක්	ද	2
ප්රශ්නය	කුමක්	විය	2183
ප්රශ්නය	කුමක්	වුවත්	8
ප්රශ්නය	කුමක්	වේද	1
ප්රශ්නය	කුමක්	සැලසුම්	2
ප්රශ්නය	පහත	ට්වීට්	5923
ප්රශ්නය	පහත	දැක්වෙන	216
ප්රශ්නය	පහත	ප්රකාශය	214
ප්රශ්නය	පහත	වාක්ය	242
ප්රශ්නය	පහත	වාක්යයේ	192
ප්රශ්නය	පහත	සඳහන්	1178
ප්රශ්නය	මෙම	ගුණාංගය	8
ප්රශ්නය	මෙම	ඡේදය	1104
ප්රශ්නය	මෙම	පුද්ගලයා	12
ප්රශ්නය	මෙම	ලිපියේ	39
ප්රශ්නය	මෙම	වාක්යවලින්	12
ප්රශ්නය	මෙම	ශ්රේණිය	9
ප්රශ්නය	සහ	අතර	43
ප්රශ්නය	සහ	තර්කය	85
ප්රශ්නය	සහ	තාර්කිකත්වය	66
ප්රශ්නය	සහ	පිළිතුර	7015
ප්රශ්නය	සහ	යන	54
ප්රශ්නය	සහ	විසඳුම	410
ප්රශ්නය	ස්වභාවික	ගැලවීමක්	1
ප්රශ්නය	ස්වභාවික	දුඹුරු	1
ප්රශ්නය	ස්වභාවික	භාෂා	1289
ප්රශ්නය	ස්වාභාවික	චක්රයක්	1
ප්රශ්නය	ස්වාභාවික	තටාකයක්	1
ප්රශ්නය	ස්වාභාවික	භාෂා	1887
ප්රශ්නය	ස්වාභාවික	ශ්රවණය	1
ප්රශ්නයකට	පිළිතුරු	දීමට	71
ප්රශ්නයකට	පිළිතුරු	දුන්	23
ප්රශ්නයකට	පිළිතුරු	දෙන්න	1337
ප්රශ්නයකට	පිළිතුරු	දෙමින්	90
ප්රශ්නයකට	පිළිතුරු	දෙයි	29
ප්රශ්නයකට	පිළිතුරු	ලෙස	19
ප්රශ්නයට	පසුව	පිළිතුර	2953
ප්රශ්නයට	පිළිතුරු	දිය	1973
ප්රශ්නයට	පිළිතුරු	දීමට	4486
ප්රශ්නයට	පිළිතුරු	දෙන්න	8723
ප්රශ්නයට	පිළිතුරු	දෙයි	360
ප්රශ්නයට	පිළිතුරු	සපයන්න	1845
ප්රශ්නයට	පිළිතුරු	සැපයීම	947
ප්රශ්නවලට	එකම	අර්ථයක්	2682
ප්රශ්නවලට	එකම	විසඳුම	3
ප්රස්තුතය	සත්ය	නම්	3209
පාඨය	සඳහා	කෙටි	7561
පාඨය	සඳහා	නිවැරදි	2
පාඨය	සඳහා	නිශ්චිත	2
පාඨය	සඳහා	පන්තිය	2
පාඨය	සඳහා	සුදුසු	1
පාඨය	සඳහා	හැඟීම්	1
පාඨයේ	ඉතා	කෙටි	7557
පාඨයේ	වැදගත්ම	කොටස්	3637
පාරිභෝගික	ශ්රේණිගත	කිරීම	1462
පාරිභෝගික	ශ්රේණිගත	කිරීමක්	501
පාරිභෝගික	ශ්රේණිගත	කිරීමකි	3
පාරිභෝගික	ශ්රේණිගත	කිරීම්	259
පාරිභෝගික	ශ්රේණිගත	කිරීමේ	136
පාරිභෝගික	ශ්රේණිගත	සාමාන්ය	3
පැය	සඳහා	අඟල්	4
පැය	සඳහා	ඔහුගේ	4
පැය	සඳහා	ධාවනය	5
පැය	සඳහා	පැයකට	8
පැය	සඳහා	විසඳන්න	1117
පැය	සඳහා	සේවකයෝ	3
පැවසිය	නොහැක	අංකය	355
පැවසිය	නොහැක	ඇ	634
පැවසිය	නොහැක	නමුත්	71
පැවසිය	නොහැක	නැත	11753
පැවසිය	නොහැක	නෑමම	467
පැවසිය	නොහැක	සහ	60
පෑම	නිවැරදිද	එය	1437
පියවර	තර්ක	කිරීමෙන්	2
පියවර	තර්ක	කිරීමේ	1489
පියවරෙන්	පියවර	චින්තනයෙන්	194
පියවරෙන්	පියවර	තර්ක	1491
පියවරෙන්	පියවර	විසඳුම	474
පියවරෙන්	පියවර	සිතමින්	80
පියවරෙන්	පියවර	සිතමු	252
පියවරෙන්	පියවර	සිතීමට	535
පිහිටා	ඇති	අතර	1088
පිහිටා	ඇති	එය	60
පිහිටා	ඇති	නිසා	57
පිහිටා	ඇති	බව	80
පිහිටා	ඇති	බැවින්	61
පිහිටා	ඇති	මෙම	118
පිළිතුර	අපි	දන්නවා	6
පිළිතුර	අපි	දන්නේ	7
පිළිතුර	අපි	බලමු	204
පිළිතුර	අපි	මුලින්ම	8
පිළිතුර	අපි	සිතමු	1248
පිළිතුර	අපි	හිතමු	2095
පිළිතුර	ඔව්	එය	67
පිළිතුර	ඔව්	ඒක	80
පිළිතුර	ඔව්	නම්	11
පිළිතුර	ඔව්	නැත	13
පිළිතුර	ඔව්	යන්නයි	10403
පිළිතුර	ඔව්	විය	8
පිළිතුර	තෝරන්න	ඔව්	2381
පිළිතුර	තෝරන්න	පහත	2085
පිළිතුර	තෝරන්න	පූර්විකාව	2392
පිළිතුර	තෝරන්න	මෙම	13162
පිළිතුර	තෝරන්න	මේ	1972
පිළිතුර	තෝරන්න	සෘණ	3249
පිළිතුර	නැත	ඔව්	40
පිළිතුර	නැත	නම්	6
පිළිතුර	නැත	යන්න	5
පිළිතුර	නැත	යන්නයි	12596
පිළිතුර	නැත	ලෙස	2
පිළිතුර	නැත	විය	2
පිළිතුර	මෙතැනින්	කියවන්න	2
පිළිතුර	මෙතැනින්	තෝරන්න	5515
පිළිතුර	මෙතැනින්	සොයාගත	1
පිළිතුරු	දිය	නොහැක	333
පිළිතුරු	දිය	නොහැකි	9821
පිළිතුරු	දිය	යුතු	93
පිළිතුරු	දිය	යුතුය	37
පිළිතුරු	දිය	හැකි	82
පිළිතුරු	දිය	හැකිය	26
පිළිතුරු	දීමට	අදාළ	1700
පිළිතුරු	දීමට	අප	476
පිළිතුරු	දීමට	අපි	322
පිළිතුරු	දීමට	උත්සාහ	592
පිළිතුරු	දීමට	පහත	829
පිළිතුරු	දීමට	හැකි	510
පිළිතුරු	සෘණ	ධනාත්මක	1408
පිළිතුරු	සෘණ	ධනාත්මකපහත	1
පිළිතුරු	සෘණ	ධනාත්මකමම	90
පිළිතුරු	සෘණ	ධනාත්මකයි	1
පිළිතුරු	සෘණ	බී	297
පිළිතුරු	සෘණ	මම	1
පිළිබඳ	ප්රශ්නයකට	ඔහුගේ	3
පිළිබඳ	ප්රශ්නයකට	කරුණාකර	93
පිළිබඳ	ප්රශ්නයකට	ප්රතිචාර	5
පිළිබඳ	ප්රශ්නයකට	ප්රතිචාරයක්	2
පිළිබඳ	ප්රශ්නයකට	පිළිතුරු	1052
පිළිබඳ	ප්රශ්නයකට	වඩා	3
පිළිබඳව	අපට	අදහසක්	9
පිළිබඳව	අපට	පවසන්නේ	1690
පිළිබඳව	අපට	යම්	7
පිළිබඳව	අපට	වඩා	10
පිළිබඳව	අපට	විශ්වාසයක්	8
පිළිබඳව	අපට	හොඳ	12
පුවත්	ලිපිය	එක්සත්	43
පුවත්	ලිපිය	කෙටියෙන්	3673
පුවත්	ලිපිය	නිව්	56
පුවත්	ලිපිය	සඳහා	29
පුවත්	ලිපිය	සහ	35
පුවත්	ලිපිය	හි	75
පුවත්	ලිපියේ	දේශපාලන	2
පුවත්	ලිපියේ	මාතෘකාව	1
පුවත්	ලිපියේ	වර්ගය	2
පුවත්	ලිපියේ	වැදගත්ම	3654
පුවත්	ලිපියේ	ශීර්ෂ	1
පුවත්	ලිපියේ	හැඟීම්	1
පූර්විකාව	අනුව	අපට	2053
පූර්විකාව	අනුව	හවුස්	1
පෙනෙන	කරුණු	දෙකක්	1
පෙනෙන	කරුණු	බොහෝ	1
පෙනෙන	කරුණු	මොනවාද	1067
පෙනෙන	කරුණු	වලින්	1
පෙනෙන	කරුණු	සම්බන්ධයෙන්	1
පෙනෙන	කරුණු	හතරක්	1
පෙබරවාරි	වන	අඟහරුවාදා	6
පෙබරවාරි	වන	තෙක්	13
පෙබරවාරි	වන	දින	1580
පෙබරවාරි	වන	දිනට	6
පෙබරවාරි	වන	විට	83
පෙබරවාරි	වන	සඳුදා	6
පෙර	නොවූ	අදහස්	2
පෙර	නොවූ	ආකාරයෙන්	2
පෙර	නොවූ	දිනයක්	2
පෙර	නොවූ	විරු	3
පෙර	නොවූ	විරූ	1389
පෙර	නොවූ	ළමයෙකු	1
පෙළ	තනි	තනි	1
පෙළ	තනි	පණිවිඩයකට	1
පෙළ	තනි	වචන	10
පෙළ	තනි	වචනවලට	3
පෙළ	තනි	වාක්ය	7547
පෙළ	තනි	වාක්යයකට	2
බර	අඩු	කර	1289
බර	අඩු	කිරීම	39
බර	අඩු	කිරීමට	43
බර	අඩු	කිරීමේ	141
බර	අඩු	වීම	142
බර	අඩු	වූ	23
බලාපොරොත්තු	වූවාට	පටහැනිව	1
බලාපොරොත්තු	වූවාට	වඩා	1259
බලාපොරොත්තු	වූවාට	සාපේක්ෂව	2
බව	අපට	කියනු	97
බව	අපට	නිගමනය	3192
බව	අපට	පැවසේ	86
බව	අපට	පෙනී	300
බව	අපට	විශ්වාසයි	105
බව	අපට	හැඟේ	109
බව	අපි	කවුරුත්	125
බව	අපි	දන්නවාද	6599
බව	අපි	දනිමු	890
බව	අපි	දැන	252
බව	අපි	දුටුවෙමු	109
බව	අපි	විශ්වාස	531
බව	ඇය	දැන	241
බව	ඇය	පවසයි	446
බව	ඇය	පැවසුවාය	2576
බව	ඇය	වැඩිදුරටත්	131
බව	ඇය	විශ්වාස	213
බව	ඇය	සොයා	121
බව	ඔහු	දැන	404
බව	ඔහු	පවසයි	878
බව	ඔහු	පැවසීය	6357
බව	ඔහු	වැඩිදුරටත්	353
බව	ඔහු	විශ්වාස	508
බව	ඔහු	සඳහන්	328
බව	කියනු	ඇත	4
බව	කියනු	ලබන	253
බව	කියනු	ලබන්නේ	6
බව	කියනු	ලැබීමෙන්	3
බව	කියනු	ලැබූ	4
බව	කියනු	ලැබේ	1342
බව	පොලිසිය	කියයි	94
බව	පොලිසිය	පවසයි	2241
බව	පොලිසිය	පැවසීය	181
බව	පොලිසිය	විශ්වාස	89
බව	පොලිසිය	සඳුදා	75
බව	පොලිසිය	සහ	70
බව	බලධාරීහු	ඉරිදා	35
බව	බලධාරීහු	පවසති	1105
බව	බලධාරීහු	බදාදා	43
බව	බලධාරීහු	බ්රහස්පතින්දා	38
බව	බලධාරීහු	සඳුදා	62
බව	බලධාරීහු	සිකුරාදා	37
බව	මතක	ඇති	4
බව	මතක	තබා	1350
බව	මතක	තබාගන්න	3
බව	මතක	නැත	11
බව	මතක	නැති	8
බව	මතක	සටහන්	3
බව	මම	කියමි	194
බව	මම	දනිමි	1673
බව	මම	දැන	833
බව	මම	දුටුවෙමි	388
බව	මම	විශ්වාස	1021
බව	මම	සිතමි	670
බව	වාර්තා	කරයි	1262
බව	වාර්තා	කළේය	277
බව	වාර්තා	වන	292
බව	වාර්තා	විය	526
බව	වාර්තා	වූ	199
බව	වාර්තා	වේ	2321
බව	සහතික	කර	1425
බව	සහතික	කරන	165
බව	සහතික	කරයි	497
බව	සහතික	කළ	151
බව	සහතික	කිරීම	1635
බව	සහතික	කිරීමට	929
බව	සොයා	ගත්	556
බව	සොයා	ගත්තේය	261
බව	සොයා	ගත්හ	297
බව	සොයා	ගන්නා	1187
බව	සොයා	ගනී	308
බව	සොයා	ගැනීමට	233
බවක්	අදහස්	කරන්නේ	11
බවක්	අදහස්	කරයි	4
බවක්	අදහස්	නොකරයි	57
බවක්	අදහස්	නොකෙරේ	7
බවක්	අදහස්	නොවන	22
බවක්	අදහස්	නොවේ	2711
බවක්	පෙනෙන්නට	ඇති	220
බවක්	පෙනෙන්නට	තිබුණත්	313
බවක්	පෙනෙන්නට	තිබුණි	3141
බවක්	පෙනෙන්නට	තිබූ	376
බවක්	පෙනෙන්නට	තිබේ	291
බවක්	පෙනෙන්නට	නැත	217
බවට	චෝදනා	එල්ල	1291
බවට	චෝදනා	කරන	382
බවට	චෝදනා	කරමින්	682
බවට	චෝදනා	කරයි	394
බවට	චෝදනා	කළ	307
බවට	චෝදනා	කළේය	534
බවට	පත්	කර	1409
බවට	පත්	කරයි	2320
බවට	පත්	කළ	1442
බවට	පත්	කිරීමට	1875
බවට	පත්	විය	5436
බවට	පත්	වූ	4195
බවට	පත්ව	ඇත	1822
බවට	පත්ව	ඇත්තේ	48
බවට	පත්ව	ඇති	638
බවට	පත්ව	තිබුණි	18
බවට	පත්ව	තිබූ	16
බවට	පත්ව	තිබේ	43
බවට	වග	බලා	3284
බවත්	ඔහු	එය	55
බවත්	ඔහු	කියා	67
බවත්	ඔහු	පවසයි	69
බවත්	ඔහු	පැවසීය	1101
බවත්	ඔහු	වැඩිදුරටත්	53
බවත්	ඔහු	සඳහන්	119
බහු	තේරීම්	ගැටලුව	2766
බහු	තේරීම්	ගැටළුව	281
බහුවරණ	ගැටලුව	කළු	30
බහුවරණ	ගැටලුව	තරුණ	18
බහුවරණ	ගැටලුව	මිනිසෙක්	36
බහුවරණ	ගැටලුව	මෙම	1816
බහුවරණ	ගැටලුව	යන	21
බහුවරණ	ගැටලුව	රතු	19
බහුවරණ	ප්රශ්නය	ඉගෙන	2
බහුවරණ	ප්රශ්නය	එකම	179
බහුවරණ	ප්රශ්නය	පහත	5923
බහුවරණ	ප්රශ්නය	බලන්න	2854
බහුවරණ	ප්රශ්නය	සඳහා	2
බහුවරණ	ප්රශ්නය	හෙල්මට්	1
බී	එය	පැවසිය	14481
බී	එය	වටා	2
බී	එය	සම්පූර්ණයෙන්ම	2
බී	එය	ස්වයංසිද්ධ	1
බී	එය	සිනිඳු	1
බී	එය	හොඳ	1
බී	ධනාත්මක	අ	21
බී	ධනාත්මක	ආ	57
බී	ධනාත්මක	පහත	1904
බී	ධනාත්මක	මම	1122
බී	ධනාත්මක	සඳහා	566
බී	ධනාත්මකමම	හිතන්නේ	1413
බුද්ධියෙන්	සහ	නොමැකෙන	1
බුද්ධියෙන්	සහ	පසුතැවිලි	1
බුද්ධියෙන්	සහ	මිත්යාවෙන්	1
බුද්ධියෙන්	සහ	විසංවාදයෙන්	1
බුද්ධියෙන්	සහ	වෙබ්	1437
බුද්ධියෙන්	සහ	හොඳ	1
බොහෝ	කලකට	පසු	85
බොහෝ	කලකට	පසුව	185
බොහෝ	කලකට	පසුවත්	14
බොහෝ	කලකට	පසුවය	20
බොහෝ	කලකට	පෙර	1164
බොහෝ	කලකට	පෙරය	50
බොහෝ	දුරට	අඩු	70
බොහෝ	දුරට	අවසන්	140
බොහෝ	දුරට	ඉඩ	1072
බොහෝ	දුරට	එය	94
බොහෝ	දුරට	රඳා	107
බොහෝ	දුරට	සමාන	189
භාවිතා	කර	ඇත	1175
භාවිතා	කර	ඇත්තේ	93
භාවිතා	කර	ඇති	944
භාවිතා	කර	ඉහත	124
භාවිතා	කර	එය	83
භාවිතා	කර	මෙම	323
භාවිතා	කරන	අතර	976
භාවිතා	කරන	ආකාරය	606
භාවිතා	කරන	බව	761
භාවිතා	කරන	ලද	1741
භාවිතා	කරන	ලදී	1164
භාවිතා	කරන	විට	607
භාවිතා	කරමින්	අවන්හලක්	283
භාවිතා	කරමින්	ඔහු	68
භාවිතා	කරමින්	පහත	439
භාවිතා	කරමින්	ලිපියක්	1059
භාවිතා	කරමින්	වාක්යයක්	81
භාවිතා	කරමින්	සහ	57
භාවිතා	කළ	අතර	479
භාවිතා	කළ	බව	490
භාවිතා	කළ	යුතු	437
භාවිතා	කළ	හැක	1588
භාවිතා	කළ	හැකි	2964
භාවිතා	කළ	හැකිය	2659
භාෂා	අනුමාන	සඳහා	6512
මගින්	ඇති	කර	4
මගින්	ඇති	කරන	64
මගින්	ඇති	කළ	15
මගින්	ඇති	වන	18
මගින්	ඇති	විය	10
මගින්	ඇති	වූ	6610
මගින්	මූර්තිමත්	කරන	4
මගින්	මූර්තිමත්	විය	3
මගින්	මූර්තිමත්	වූ	5946
මගේ	පිළිතුර	අපි	2093
මගේ	පිළිතුර	ඉහත	31
මගේ	පිළිතුර	ඡේදයේ	19
මගේ	පිළිතුර	ප්රශ්නයට	18
මගේ	පිළිතුර	මෙම	37
මගේ	පිළිතුර	සහ	225
මත	පදනම්	වන	119
මත	පදනම්	විය	300
මත	පදනම්	වී	144
මත	පදනම්	වූ	4454
මත	පදනම්	වූවක්	121
මත	පදනම්	වේ	599
මත	පදනම්ව	අපට	2730
මත	පදනම්ව	උපකල්පනය	765
මත	පදනම්ව	පෙළක්	14385
මත	පදනම්ව	මිනිසෙක්	611
මත	පදනම්ව	මෙම	2319
මත	පදනම්ව	ලිපියක්	2593
මත	රඳා	නොපවතින	51
මත	රඳා	නොසිට	48
මත	රඳා	පවතින	580
මත	රඳා	පවතිනු	71
මත	රඳා	පවතී	1680
මත	රඳා	පැවතුනි	68
මත	වාඩි	නොවේ	11
මත	වාඩි	විය	100
මත	වාඩි	වී	1905
මත	වාඩි	වීම	9
මත	වාඩි	වීමට	43
මත	වාඩි	වූ	27
මතක	තබා	ගත	856
මතක	තබා	ගන්න	2465
මතක	තබා	ගන්නා	86
මතක	තබා	ගැනීම	376
මතක	තබා	ගැනීමට	644
මතක	තබා	ගැනීමේ	43
මනෝභාවය	අනුව	ඔහුගේ	2
මනෝභාවය	අනුව	මට	2
මනෝභාවය	අනුව	විස්තර	2067
මනෝභාවය	අනුව	හට	1
මනෝභාවය	අනුව	හතරම	1
මනෝභාවය	අනුව	හොඳම	1
මනෝභාවය	විස්තර	කර	2
මනෝභාවය	විස්තර	කරන	3
මනෝභාවය	විස්තර	කරන්න	4
මනෝභාවය	විස්තර	කරයි	2
මනෝභාවය	විස්තර	කළ	2089
මනෝභාවය	විස්තර	කිරීමට	2
මම	දන්නේ	කෙසේද	10
මම	දන්නේ	නැති	16
මම	දන්නේ	නැහැ	1337
මම	දන්නේ	නෑ	55
මම	දන්නේ	මගේ	10
මම	දන්නේ	මම	7
මම	බලාපොරොත්තු	නොවෙමි	61
මම	බලාපොරොත්තු	වන	92
මම	බලාපොරොත්තු	වූ	67
මම	බලාපොරොත්තු	වෙනවා	390
මම	බලාපොරොත්තු	වෙමි	2477
මම	බලාපොරොත්තු	සුන්	75
මම	විශ්වාස	කරන	192
මම	විශ්වාස	කරනවා	321
මම	විශ්වාස	කරන්නේ	254
මම	විශ්වාස	කරමි	1356
මම	විශ්වාස	කළෙමි	31
මම	විශ්වාස	නොකරමි	233
මම	සතුටු	නොවෙමි	23
මම	සතුටු	වන	68
මම	සතුටු	විය	51
මම	සතුටු	වුණා	114
මම	සතුටු	වෙනවා	295
මම	සතුටු	වෙමි	1103
මම	හිතන්නේ	අපි	1080
මම	හිතන්නේ	උත්තරය	8589
මම	හිතන්නේ	එය	1661
මම	හිතන්නේ	නැහැ	1062
මම	හිතන්නේ	පිළිතුර	2114
මම	හිතන්නේ	මම	1091
මහන්සි	වී	ඇත	32
මහන්සි	වී	ඇති	23
මහන්සි	වී	ඉගෙන	33
මහන්සි	වී	උපයාගත්	77
මහන්සි	වී	ක්රීඩා	56
මහන්සි	වී	වැඩ	3038
මාතෘකාව	සහිත	එකක්	2
මාතෘකාව	සහිත	ගීතයකින්	3
මාතෘකාව	සහිත	චිත්රපටයක්	4
මාතෘකාව	සහිත	ලිපියක්	3594
මාතෘකාව	සහිත	විද්යුත්	48
මාතෘකාව	සහිත	ෆැන්ටම්	1
මානව	සාමාන්ය	බුද්ධියෙන්	1437
මාර්තු	වන	අඟහරුවාදා	29
මාර්තු	වන	තෙක්	17
මාර්තු	වන	දින	1763
මාර්තු	වන	බ්රහස්පතින්දා	22
මාර්තු	වන	විට	143
මාර්තු	වන	සඳුදා	19
මැයි	වන	අඟහරුවාදා	10
මැයි	වන	දින	1756
මැයි	වන	දිනට	11
මැයි	වන	බදාදා	9
මැයි	වන	බ්රහස්පතින්දා	5
මැයි	වන	විට	124
මිය	ගිය	අතර	1790
මිය	ගිය	පසු	451
මිය	ගිය	බව	2647
මිය	ගිය	බවට	172
මිය	ගිය	බවයි	498
මිය	ගිය	විට	450
මිය	ගොස්	ඇත	849
මිය	ගොස්	ඇතැයි	108
මිය	ගොස්	ඇති	1130
මිය	ගොස්	තවත්	383
මිය	ගොස්	තිබේ	145
මිය	ගොස්	දෙනෙකු	159
මිල	දී	ගත්	611
මිල	දී	ගත්තා	222
මිල	දී	ගන්නේ	221
මිල	දී	ගැනීම	249
මිල	දී	ගැනීමට	203
මිල	දී	ගෙන	1189
මිලියන	කට	අධික	459
මිලියන	කට	ආසන්න	693
මිලියන	කට	පමණ	148
මිලියන	කට	පෙර	117
මිලියන	කට	වඩා	2028
මිලියන	කට	වැඩි	497
මිලියන	ක්	උපයා	460
මිලියන	ක්	පමණ	1417
මිලියන	ක්	රැස්	353
මිලියන	ක්	ලබා	422
මිලියන	ක්	වැය	415
මිලියන	ක්	සහ	348
මීටර්	සඳහා	ඔහුගේ	2
මීටර්	සඳහා	තත්පර	4
මීටර්	සඳහා	දිගු	2
මීටර්	සඳහා	නිල	3
මීටර්	සඳහා	පාසලට	2
මීටර්	සඳහා	විසඳන්න	1179
මූර්තිමත්	වූ	මුහුණ	1
මූර්තිමත්	වූ	රබ්බි	1
මූර්තිමත්	වූ	වෙරළ	1
මූර්තිමත්	වූ	සහ	2
මූර්තිමත්	වූ	හැඟීම	5946
මූර්තිමත්	වූ	හැඟීම්වලින්	2
මෙන්න	මේ	දෙක	8
මෙන්න	මේ	ලිපිය	257
මෙන්න	මේ	ලිපියේ	1048
මෙන්න	මේ	වසරේ	12
මෙන්න	මේ	සතියේ	13
මෙන්න	මේ	සියල්ල	6
මෙම	උපකල්පනය	පරීක්ෂා	7
මෙම	උපකල්පනය	මත	8736
මෙම	උපකල්පනය	සත්ය	2383
මෙම	උපකල්පනය	සත්යයක්	23
මෙම	උපකල්පනය	සත්යයකි	2
මෙම	උපකල්පනය	සමඟ	3
මෙම	ගණිත	ගැටලුව	14670
මෙම	ගණිත	ගැටලුවට	7353
මෙම	ගණිත	ගැටලුවේ	1
මෙම	ගණිත	ප්රශ්නයට	3
මෙම	ගණිත	සමීකරණය	1
මෙම	ගණිත	සමීකරණයේ	1
මෙම	ගැටලුව	පිළිබඳ	31
මෙම	ගැටලුව	විසඳන්න	7329
මෙම	ගැටලුව	විසඳීමට	80
මෙම	ගැටලුව	සඳහා	33
මෙම	ගැටලුව	සමඟ	29
මෙම	ගැටලුව	සම්බන්ධයෙන්	219
මෙම	ඡේදය	පදනම්	27
මෙම	ඡේදය	පාදක	31
මෙම	ඡේදය	මත	2231
මෙම	ඡේදය	සංස්කරණය	5
මෙම	ඡේදය	සඳහා	374
මෙම	ඡේදය	සම්පූර්ණ	387
මෙම	ට්විටර්	පණිවිඩය	4
මෙම	ට්විටර්	පණිවිඩයෙන්	2
මෙම	ට්විටර්	පණිවුඩය	5
මෙම	ට්විටර්	පරිශීලකයා	3
මෙම	ට්විටර්	සංග්රහය	2
මෙම	ට්විටර්	හි	11841
මෙම	ට්වීට්	එක	37
මෙම	ට්වීට්	එකට	5
මෙම	ට්වීට්	එකේ	5946
මෙම	ට්වීට්	මගින්	5946
මෙම	ට්වීට්	සමඟ	2
මෙම	ට්වීට්	හි	5941
මෙම	දෙවන	භාගය	3
මෙම	දෙවන	මතය	3
මෙම	දෙවන	වර්ගයේ	2
මෙම	දෙවන	වසර	2
මෙම	දෙවන	වාක්යය	2870
මෙම	දෙවන	විකල්පය	2
මෙම	ප්රශ්න	එක	1332
මෙම	ප්රශ්න	ගැන	11
මෙම	ප්රශ්න	දෙක	1357
මෙම	ප්රශ්න	මාලාවට	22
මෙම	ප්රශ්න	සමඟ	9
මෙම	ප්රශ්න	සම්බන්ධයෙන්	6
මෙම	ප්රශ්නයට	පිළිතුර	644
මෙම	ප්රශ්නයට	පිළිතුරක්	499
මෙම	ප්රශ්නයට	පිළිතුරු	9825
මෙම	ප්රශ්නයට	විකල්ප	221
මෙම	ප්රශ්නයට	හොඳ	368
මෙම	ප්රශ්නයට	හොඳම	79
මෙම	ප්රශ්නවලට	එකම	1344
මෙම	ප්රශ්නවලට	ඔබේ	4
මෙම	ප්රශ්නවලට	ප්රතිචාර	2
මෙම	ප්රශ්නවලට	පිළිතුරු	62
මෙම	ප්රශ්නවලට	සැබෑ	2
මෙම	ප්රශ්නවලට	හැකි	2
මෙම	පාඨය	ආදේශ	14
මෙම	පාඨය	කුමක්	891
මෙම	පාඨය	කුමන	317
මෙම	පාඨය	සංස්කරණය	4
මෙම	පාඨය	සඳහා	7565
මෙම	පාඨය	සාරාංශ	4
මෙම	පාඨයේ	ඇති	5
මෙම	පාඨයේ	ප්රකාශිත	3
මෙම	පාඨයේ	ප්රධාන	7
මෙම	පාඨයේ	වර්ගය	3
මෙම	පාඨයේ	වැදගත්ම	3622
මෙම	පාඨයේ	සාරාංශය	730
මෙම	පුවත්	කතාවේ	360
මෙම	පුවත්	පත්රිකාව	6
මෙම	පුවත්	ලිපිය	3687
මෙම	පුවත්	ලිපියෙන්	2
මෙම	පුවත්	ලිපියේ	3636
මෙම	පුවත්	සිරස්තලයේ	1
මෙම	ලිපිය	එක්	1115
මෙම	ලිපිය	ඒ	732
මෙම	ලිපිය	කුමක්	3657
මෙම	ලිපිය	පිළිබඳ	1369
මෙම	ලිපිය	සඳහා	7420
මෙම	ලිපිය	සාරාංශ	1264
මෙම	ලිපියේ	අනුවාදයක්	965
මෙම	ලිපියේ	මාතෘකාව	333
මෙම	ලිපියේ	වැදගත්	1064
මෙම	ලිපියේ	විශේෂ	1060
මෙම	ලිපියේ	සාරාංශය	351
මෙම	ලිපියේ	හොඳම	431
මෙම	වසර	අගදී	231
මෙම	වසර	අවසන්	35
මෙම	වසර	අවසානයේදී	26
මෙම	වසර	තුළ	37
මෙම	වසර	මුලදී	1112
මෙම	වසර	සඳහා	120
මෙම	වාක්යය	ඉංග්රීසියෙන්	96
මෙම	වාක්යය	කෙටියෙන්	7525
මෙම	වාක්යය	නැවත	356
මෙම	වාක්යය	භාෂාමය	64
මෙම	වාක්යය	සංස්කරණය	66
මෙම	වාක්යය	සත්ය	628
මෙම	වාක්යයේ	අන්තර්ගතය	132
මෙම	වාක්යයේ	ඇති	34
මෙම	වාක්යයේ	කෙටි	7537
මෙම	වාක්යයේ	නිවැරදිව	99
මෙම	වාක්යයේ	වඩාත්ම	253
මෙම	වාක්යයේ	හැගීම	237
මෙම	වාර්තාවට	අනුව	4
මෙම	වාර්තාවට	ඇතුළත්	4
මෙම	වාර්තාවට	දායක	1892
මෙම	වාර්තාවට	මාධ්යවේදී	2
මෙම	වාර්තාවට	සහ	3
මෙම	වාර්තාවට	හි	3
මෙම	විශේෂතා	මත	1058
මෙම	සති	අන්ත	5
මෙම	සති	අන්තය	69
මෙම	සති	අන්තයට	4
මෙම	සති	අන්තයේ	1437
මෙම	සති	අන්තයේදී	4
මෙම	සති	තුළ	4
මෙම	සමාලෝචනය	කෙබඳුද	98
මෙම	සමාලෝචනය	චිත්රපටිය	97
මෙම	සමාලෝචනය	ධනාත්මක	4278
මෙම	සමාලෝචනය	පදනම්	15
මෙම	සමාලෝචනය	මනෝභාවය	2067
මෙම	සමාලෝචනය	ලිවීමට	30
මෙම	සමාලෝචනයේ	අනුවාදයක්	83
මෙම	සමාලෝචනයේ	පිටපතක්	5
මෙම	සමාලෝචනයේ	මනෝභාවය	4278
මෙම	සමාලෝචනයේ	විනිශ්චයයි	1
මෙම	සමාලෝචනයේ	ස්පොයිලර්	1
මෙම	සමාලෝචනයේ	හැඟීම	283
මෙම	සාරාංශය	ඔබේ	1
මෙම	සාරාංශය	කේතය	1
මෙම	සාරාංශය	නිකුත්	1
මෙම	සාරාංශය	පුළුල්	170
මෙම	සාරාංශය	මත	8897
මෙම	සාරාංශය	සමාලෝචනය	1
මෙය	ක්රමයෙන්	කරන්න	1
මෙය	ක්රමයෙන්	පුනර්ජනනීය	1
මෙය	ක්රමයෙන්	පුළුල්	1
මෙය	ක්රමයෙන්	පෙනීම	1
මෙය	ක්රමයෙන්	විසඳා	1248
මෙය	ක්රමයෙන්	විස්මිත	1
මෙයින්	අදහස්	කරන්නේ	3737
මෙයින්	අදහස්	කළ	6
මෙයින්	අදහස්	කළේ	91
මෙයින්	අදහස්	කෙරේ	9
මෙයින්	අදහස්	වන්නේ	75
මෙයින්	අදහස්	විය	6
මෙහි	කෙටි	අනුවාදය	7537
මෙහි	කෙටි	අනුවාදයක්	1
මෙහි	කෙටි	දින	1
මේ	ප්රශ්න	ගැන	11
මේ	ප්රශ්න	තිබුණා	11
මේ	ප්රශ්න	දෙක	2677
මේ	ප්රශ්න	දෙකට	1310
මේ	ප්රශ්න	දෙකටම	5
මේ	ප්රශ්න	සියල්ල	9
මේ	ලිපියේ	තවත්	1
මේ	ලිපියේ	පොලිස්කාරයා	1
මේ	ලිපියේ	විශේෂ	1055
මේ	ලිපියේ	සහ	1
මේ	ලිපියේ	සිංහල	1
මේ	වන	තුරු	61
මේ	වන	තුරුත්	6
මේ	වන	තෙක්	176
මේ	වන	ව්යවස්ථා	2
මේ	වන	විට	4519
මේ	වන	විටත්	275
යථා	තත්ත්වයට	පත්	2319
යථා	තත්ත්වයට	පත්වන	90
යථා	තත්ත්වයට	පත්වීම	61
යථා	තත්ත්වයට	පත්වීමට	104
යථා	තත්ත්වයට	පත්වීමේ	40
යථා	තත්ත්වයට	පත්වෙමින්	113
යන	උපකල්පනය	අපට	4647
යන	උපකල්පනය	ඇතුළත්	2086
යන	උපකල්පනය	නිගමනය	2238
යන	උපකල්පනය	මත	2375
යන	උපකල්පනය	වේ	920
යන	උපකල්පනය	සත්යද	445
යන	වාක්ය	ඛණ්ඩය	1660
යන	වාක්ය	ඛණ්ඩයට	45
යන	වාක්ය	ඛණ්ඩයෙන්	75
යන	වාක්ය	ඛණ්ඩයේ	109
යන	වාක්ය	පාදක	192
යන	වාක්ය	මත	689
යන	වාක්යය	අනුව	257
යන	වාක්යය	මත	1039
යන	වාක්යය	ලබා	10016
යන	වාක්යය	ලබාදී	48
යන	වාක්යය	වේ	811
යන	වාක්යය	සත්ය	319
යන්න	අනුගමනය	කරනවාද	93
යන්න	අනුගමනය	කරන්න	2
යන්න	අනුගමනය	කරන්නේද	64
යන්න	අනුගමනය	කරයිද	1823
යන්න	තීරණය	කරන	158
යන්න	තීරණය	කරන්න	288
යන්න	තීරණය	කරයි	142
යන්න	තීරණය	කළ	251
යන්න	තීරණය	කිරීම	686
යන්න	තීරණය	කිරීමට	1123
යන්න	පැහැදිලි	කරන	44
යන්න	පැහැදිලි	කරන්න	89
යන්න	පැහැදිලි	කරයි	48
යන්න	පැහැදිලි	කිරීමට	115
යන්න	පැහැදිලි	නැත	1278
යන්න	පැහැදිලි	නැති	94
යන්න	පිළිබඳව	අදහස්	93
යන්න	පිළිබඳව	අපට	1808
යන්න	පිළිබඳව	අවධානය	90
යන්න	පිළිබඳව	එය	315
යන්න	පිළිබඳව	ඔබට	92
යන්න	පිළිබඳව	ප්රශ්න	133
යන්නෙන්	අදහස්	කරන	33
යන්නෙන්	අදහස්	කරන්නේ	2320
යන්නෙන්	අදහස්	කළේ	65
යන්නෙන්	අදහස්	නොවේ	27
යන්නෙන්	අදහස්	වන	20
යන්නෙන්	අදහස්	වන්නේ	685
යන්නෙන්	අපට	නිගමනය	1518
යනුවෙන්	අපට	නිගමනය	3464
යනුවෙන්	අපට	නිතරම	1
යනුවෙන්	අපට	පවසන්නඉහත	1
යනුවෙන්	අපට	පැවසූ	1
යනුවෙන්	අපට	විශ්වාසයි	1
යනුවෙන්	අපට	සමාගම්වලින්	1
යමෙක්	විස්තර	කරන්නේ	5926
යාර	ක	ක්ෂේත්ර	2730
යාර	ක	ටච්	446
යාර	ක	ධාවනයක්	352
යාර	ක	පිටියේ	296
යාර	ක	ස්පර්ශක	422
යාර	ක	ස්පර්ශයක්	549
යාවත්කාලීන	කරන	අතර	12
යාවත්කාලීන	කරන	ලද	263
යාවත්කාලීන	කරන	ලද්දේ	1146
යාවත්කාලීන	කරන	ලදි	13
යාවත්කාලීන	කරන	ලදී	836
යාවත්කාලීන	කරන	ලෙස	17
යැයි	අපට	උපකල්පනය	19
යැයි	අපට	නිගමනය	3460
යැයි	අපට	පැවසිය	25
යැයි	අපට	හැඟුණු	8
යැයි	අපට	හැඟෙන	9
යැයි	අපට	හැඟේ	13
යැයි	ඔබ	කියනවද	1338
යැයි	ඔබ	පවසනවාද	99
යැයි	ඔබ	සිතන	162
යැයි	ඔබ	සිතනවාද	265
යැයි	ඔබ	සිතන්නේ	260
යැයි	ඔබ	සිතනු	95
යැයි	කියනු	ඇත	75
යැයි	කියනු	ඇතැයි	9
යැයි	කියනු	ලබන	1202
යැයි	කියනු	ලබන්නේ	10
යැයි	කියනු	ලැබූ	10
යැයි	කියනු	ලැබේ	286
යැයි	නිගමනය	කළ	5505
යැයි	නිගමනය	කළහොත්	1
යැයි	නිගමනය	කළේය	1
යැයි	නිගමනය	කිරීම	1
යැයි	නිගමනය	වීමත්	1
යැයි	නිගමනය	වේ	1
යැයි	මම	අනුමාන	134
යැයි	මම	නොසිතමි	727
යැයි	මම	බලාපොරොත්තු	444
යැයි	මම	විශ්වාස	238
යැයි	මම	සිතමි	1562
යැයි	මම	සිතුවෙමි	302
යෝර්ක්	සංස්කරණයේ	පිටුවේ	1252
රාත්රී	ආහාරය	ගන්නා	44
රාත්රී	ආහාරය	ගනිමින්	70
රාත්රී	ආහාරය	ගැනීමට	123
රාත්රී	ආහාරය	සඳහා	1126
රාත්රී	ආහාරය	සමඟ	42
රාත්රී	ආහාරය	සහ	104
ලකුණු	ක්	ඉදිරියෙන්	318
ලකුණු	ක්	බවට	283
ලකුණු	ක්	රැස්	374
ලකුණු	ක්	ලබා	1762
ලකුණු	ක්	ලෙස	871
ලකුණු	ක්	සහ	482
ලද	අතර	එය	2566
ලද	අතර	එහි	475
ලද	අතර	එහිදී	531
ලද	අතර	ඔහු	398
ලද	අතර	දී	302
ලද	අතර	පසුව	415
ලබා	ගත	නොහැක	548
ලබා	ගත	නොහැකි	776
ලබා	ගත	යුතුය	547
ලබා	ගත	හැක	1039
ලබා	ගත	හැකි	6013
ලබා	ගත	හැකිය	2735
ලබා	ගත්	අතර	3670
ලබා	ගත්	නමුත්	571
ලබා	ගත්	පසු	219
ලබා	ගත්	බව	492
ලබා	ගත්	බවයි	257
ලබා	ගත්	විට	537
ලබා	ගැනීම	ගැන	281
ලබා	ගැනීම	දුෂ්කර	184
ලබා	ගැනීම	නිසා	163
ලබා	ගැනීම	සඳහා	3856
ලබා	ගැනීම	සහ	392
ලබා	ගැනීම	හෝ	108
ලබා	ගැනීමට	අවශ්ය	938
ලබා	ගැනීමට	ඉඩ	697
ලබා	ගැනීමට	උත්සාහ	1411
ලබා	ගැනීමට	නොහැකි	698
ලබා	ගැනීමට	සහ	680
ලබා	ගැනීමට	හැකි	673
ලබා	දිය	යුතු	645
ලබා	දිය	යුතුය	574
ලබා	දිය	හැක	300
ලබා	දිය	හැකි	1299
ලබා	දිය	හැකිද	334
ලබා	දිය	හැකිය	1207
ලබා	දී	ඇත	14651
ලබා	දී	ඇත්තේ	232
ලබා	දී	ඇති	7883
ලබා	දී	තිබේද	2122
ලබා	දී	නැත	253
ලබා	දී	මෙම	619
ලබා	දීම	ගැන	363
ලබා	දීම	ප්රතික්ෂේප	279
ලබා	දීම	සඳහා	2507
ලබා	දීම	සම්බන්ධයෙන්	189
ලබා	දීම	සහ	401
ලබා	දීම	හෝ	96
ලබා	දුන්	අතර	1960
ලබා	දුන්	නමුත්	371
ලබා	දුන්	බව	676
ලබා	දුන්	බවට	184
ලබා	දුන්	බවයි	420
ලබා	දුන්	විට	303
ලබා	දෙන	අතර	1503
ලබා	දෙන	බව	1191
ලබා	දෙන	බවට	612
ලබා	දෙන	බවයි	739
ලබා	දෙන	ලදී	1966
ලබා	දෙන	ලෙස	1178
ලබා	දෙනු	ඇත	2912
ලබා	දෙනු	ඇත්දැයි	8
ලබා	දෙනු	ඇතැයි	554
ලබා	දෙනු	ඇති	162
ලබා	දෙනු	ලබන	14
ලබා	දෙනු	ලැබේ	208
ලාස්	වේගාස්	තීරයේ	40
ලාස්	වේගාස්	නෙවාඩා	47
ලාස්	වේගාස්	විශ්ව	99
ලාස්	වේගාස්	වෙත	218
ලාස්	වේගාස්	සිට	35
ලාස්	වේගාස්	හි	1189
ලිපිය	එක්	මාතෘකාවකට	1
ලිපිය	එක්	වාක්යයකට	1
ලිපිය	එක්	වාක්යයකින්	1120
ලිපිය	එක්	වාරයක්	1
ලිපිය	එක්	සමාගමක්	1
ලිපිය	එක්	සුපිරි	1
ලිපිය	කුමක්	කළ	1
ලිපිය	කුමක්	ගැන	1
ලිපිය	කුමක්	ගැනද	4787
ලිපිය	කුමක්	ගැනදැයි	1
ලිපිය	කුමක්	වුවත්	1
ලිපිය	කෙටියෙන්	පැහැදිලි	1
ලිපිය	කෙටියෙන්	සාරාංශ	3673
ලිපිය	කෙටියෙන්	හා	2
ලිපිය	ගැන	අදහස්	9
ලිපිය	ගැන	ඔබ	4
ලිපිය	ගැන	කතා	3
ලිපිය	ගැන	ප්රශ්නයක්	1243
ලිපිය	ගැන	සඳහන්	2
ලිපිය	ගැන	හෝ	2
ලිපිය	පිළිබඳ	අදහස්	15
ලිපිය	පිළිබඳ	තොරතුරු	3
ලිපිය	පිළිබඳ	ප්රශ්න	2
ලිපිය	පිළිබඳ	ප්රශ්නය	784
ලිපිය	පිළිබඳ	ප්රශ්නයකට	1109
ලිපිය	පිළිබඳ	ප්රශ්නයක්	37
ලිපිය	සඳහා	අදහස්	38
ලිපිය	සඳහා	කැපී	1067
ලිපිය	සඳහා	කෙටි	3649
ලිපිය	සඳහා	මාතෘකාවක්	3652
ලිපිය	සඳහා	විශේෂ	3194
ලිපිය	සඳහා	සුදුසු	469
ලිපිය	සාරාංශ	කර	4
ලිපිය	සාරාංශ	කරන	6
ලිපිය	සාරාංශ	කරන්න	1315
ලිපිය	සාරාංශ	කරමින්	10
ලිපිය	සාරාංශ	කළ	2
ලිපිය	සාරාංශ	කිරීමට	4
ලිපියක්	ලිවීමට	උත්සාහ	4
ලිපියක්	ලිවීමට	උදව්	3
ලිපියක්	ලිවීමට	පහත	1072
ලිපියක්	ලිවීමට	මම	3
ලිපියක්	ලිවීමට	සැලසුම්	3
ලිපියක්	ලිවීමට	හෝ	3
ලිපියේ	කෙටි	අනුවාදය	153
ලිපියේ	කෙටි	කාලීන	2
ලිපියේ	කෙටි	සාරාංශය	3640
ලිපියේ	කෙටි	සාරාංශයක්	2
ලිපියේ	වැදගත්	කරුණු	1
ලිපියේ	වැදගත්	කොටස්	1071
ලිපියේ	වැදගත්	තේමාවක්	1
ලිපියේ	වැදගත්ම	කරුණු	1
ලිපියේ	වැදගත්ම	කොටස	1
ලිපියේ	වැදගත්ම	කොටස්	3654
ලිපියේ	විශේෂ	අවස්ථා	2122
ලිපියේ	සාරාංශය	කුමක්ද	1090
ලිපියේ	සාරාංශය	තාක්ෂණයේ	1
ලිපියේ	සාරාංශය	සමාජ	1
ලියන්න	ට්වීට්	එක	1
ලියන්න	ට්වීට්	කරන්න	3495
ලියන්න	විය	හැක	1
ලියන්න	විය	හැකි	2314
ලියන්න	සඳහා	එහි	2
ලියන්න	සඳහා	නව	2
ලියන්න	සඳහා	විසඳන්න	7282
ලියන්න	සඳහා	සුබසාධන	1
ලියන්න	සඳහා	සූදානම්	2
ලියන්න	සඳහා	හි	2
ලිවීමට	පහත	වාක්යය	2
ලිවීමට	පහත	සඳහන්	1072
ලෙස	ඉල්ලා	ඇත	276
ලෙස	ඉල්ලා	සිටි	1222
ලෙස	ඉල්ලා	සිටින	516
ලෙස	ඉල්ලා	සිටියහ	208
ලෙස	ඉල්ලා	සිටියේය	1669
ලෙස	ඉල්ලා	සිටී	838
ලෙස	තේරී	පත්	1403
ලෙස	තේරී	පත්වන	9
ලෙස	තේරී	පත්වී	18
ලෙස	තේරී	පත්වීම	33
ලෙස	තේරී	පත්වීමට	16
ලෙස	තේරී	පත්වීමෙන්	22
ලෙස	නම්	කර	1853
ලෙස	නම්	කරන	2335
ලෙස	නම්	කළ	171
ලෙස	නම්	කළේය	225
ලෙස	නම්	කිරීම	123
ලෙස	නම්	කිරීමට	189
ලෙස	පිළිතුරු	දීමට	11
ලෙස	පිළිතුරු	දුන්	8
ලෙස	පිළිතුරු	දුන්නේ	11
ලෙස	පිළිතුරු	දුන්නේය	22
ලෙස	පිළිතුරු	දෙන්න	1073
ලෙස	පිළිතුරු	දෙයි	10
ලොව	පුරා	ඩොලර්	164
ලොව	පුරා	බොහෝ	175
ලොව	පුරා	මිලියන	194
ලොව	පුරා	රටවල්	118
ලොව	පුරා	සංචාරය	212
ලොව	පුරා	සිටින	1376
ලොස්	ඇන්ජලීස්	ටයිම්ස්	628
ලොස්	ඇන්ජලීස්	ප්රාන්ත	157
ලොස්	ඇන්ජලීස්	ප්රාන්තයේ	161
ලොස්	ඇන්ජලීස්	ලේකර්ස්	145
ලොස්	ඇන්ජලීස්	වෙත	299
ලොස්	ඇන්ජලීස්	හි	2238
වග	බලා	ගත	259
වග	බලා	ගන්න	4046
වග	බලා	ගන්නා	105
වග	බලා	ගැනීම	647
වග	බලා	ගැනීමට	407
වග	බලා	ගැනීමයි	182
වචන	වලින්	කතා	18
වචන	වලින්	කිවහොත්	1096
වචන	වලින්	පමණක්	16
වචන	වලින්	ප්රකාශ	23
වචන	වලින්	පැහැදිලි	18
වචන	වලින්	විස්තර	30
වඩා	වැඩි	කාලයක්	1421
වඩා	වැඩි	ප්රමාණයක්	1833
වඩා	වැඩි	මුදලක්	1141
වඩා	වැඩි	ය	639
වඩා	වැඩි	යමක්	1087
වඩා	වැඩි	විය	869
වන	අතර	එමඟින්	1457
වන	අතර	එය	13548
වන	අතර	එහි	2152
වන	අතර	ඒවා	1307
වන	අතර	ඔවුන්	1795
වන	අතර	ඔහු	2020
වන	දින	එක්සත්	416
වන	දින	ඔහුගේ	283
වන	දින	කැලිෆෝනියාවේ	624
වන	දින	නිකුත්	368
වන	දින	නිව්	1413
වන	දින	හි	847
වන	විට	ඇය	398
වන	විට	එය	1074
වන	විට	ඔවුන්	433
වන	විට	ඔහු	725
වන	විට	ඔහුගේ	387
වන	විට	සහ	439
වනු	ඇත	එය	1169
වනු	ඇත	ඔබ	581
වනු	ඇත	ඔහු	787
වනු	ඇත	නමුත්	1749
වනු	ඇත	මෙම	428
වනු	ඇත	සහ	421
වනු	ඇතැයි	අපි	477
වනු	ඇතැයි	අපේක්ෂා	1723
වනු	ඇතැයි	ඔහු	569
වනු	ඇතැයි	බලාපොරොත්තු	399
වනු	ඇතැයි	මම	1479
වනු	ඇතැයි	යන	314
වනු	ඇති	අතර	972
වනු	ඇති	බව	1196
වනු	ඇති	බවට	553
වනු	ඇති	බවත්	477
වනු	ඇති	බවත්ය	121
වනු	ඇති	බවයි	3197
වයස	අවුරුදු	ක්	1108
වයස	අවුරුදු	කි	879
වයස	අවුරුදු	ට	1572
වයස	අවුරුදු	දී	3831
වයස	අවුරුදු	යි	837
වයස	අවුරුදු	සිට	763
වර්ග	අඩි	ක	1291
වර්ග	අඩි	ක්	365
වර්ග	අඩි	කාමර	820
වර්ග	අඩි	කි	84
වර්ග	අඩි	කින්	91
වර්ග	අඩි	වර්ග	79
වලින්	ඔබේ	දෑත්	3
වලින්	ඔබේ	පරිගණකය	3
වලින්	ඔබේ	පිඟාන	14
වලින්	ඔබේ	පිළිතුර	15473
වලින්	ඔබේ	සහෝදරයාගේ	3
වලින්	ඔබේ	හිසකෙස්	7
වලින්	තෝරන්න	ඊළඟ	156
වලින්	තෝරන්න	ඡේදය	97
වලින්	තෝරන්න	පහත	2029
වලින්	තෝරන්න	මෙම	36
වලින්	තෝරන්න	වාග්	36
වලින්	තෝරන්න	සහ	37
වලින්	සාදන	අතර	10
වලින්	සාදන	ලද	1170
වලින්	සාදන	ලදලෙදර්ෆේස්	3
වලින්	සාදන	ලද්දකි	2
වලින්	සාදන	ලද්දේ	1
වලින්	සාදන	ලදී	55
වසර	කට	ආසන්න	557
වසර	කට	පමණ	625
වසර	කට	පසු	1298
වසර	කට	පසුව	365
වසර	කට	පෙර	2130
වසර	කට	වැඩි	1186
වසර	කිහිපය	ගත	13
වසර	කිහිපය	තුල	12
වසර	කිහිපය	තුළ	1443
වසර	කිහිපය	පුරා	10
වසර	කිහිපය	පුරාවටම	8
වසර	කිහිපය	සඳහා	23
වසර	ගණනාවක්	එහි	40
වසර	ගණනාවක්	ගත	460
වසර	ගණනාවක්	ගතවනු	56
වසර	ගණනාවක්	ගෙවී	60
වසර	ගණනාවක්	තිස්සේ	2323
වසර	ගණනාවක්	පුරා	1835
වසර	දෙකකට	ආසන්න	184
වසර	දෙකකට	පමණ	140
වසර	දෙකකට	පසු	327
වසර	දෙකකට	පසුව	355
වසර	දෙකකට	පෙර	1201
වසර	දෙකකට	වැඩි	165
වළක්වා	ගැනීම	දුෂ්කර	14
වළක්වා	ගැනීම	වඩාත්	12
වළක්වා	ගැනීම	වැදගත්	9
වළක්වා	ගැනීම	සඳහා	1197
වළක්වා	ගැනීම	සහ	34
වළක්වා	ගැනීම	හෝ	10
වාක්ය	එකක්	කඩදාසි	2
වාක්ය	එකක්	හෝ	3646
වාක්ය	ඛණ්ඩයකින්	ප්රතිස්ථාපනය	5
වාක්ය	ඛණ්ඩයකින්	වුවද	1
වාක්ය	ඛණ්ඩයකින්	සහ	1
වාක්ය	ඛණ්ඩයකින්	සාරාංශ	7550
වාක්ය	ඛණ්ඩයකින්	හිස්	1
වාක්ය	ඛණ්ඩයකින්	හෝ	1
වාක්ය	දෙකෙන්	අදහස්	210
වාක්ය	දෙකෙන්	තරගය	2
වාක්ය	දෙකෙන්	තේරුමක්	1075
වාක්ය	දෙකෙන්	දැක්වෙන්නේ	2
වාක්ය	දෙකෙන්	සාමාන්ය	1095
වාක්ය	දෙකෙන්	ළමයින්	2
වාක්යය	කෙටියෙන්	අංකය	1
වාක්යය	කෙටියෙන්	සාරාංශ	7525
වාක්යය	පළමු	පුද්ගලයා	2
වාක්යය	පළමු	පුද්ගලයාගේ	3
වාක්යය	පළමු	වරට	3
වාක්යය	පළමු	වාක්යය	3
වාක්යය	පළමු	වාක්යයට	2872
වාක්යය	පළමු	වාක්යයේ	2
වාක්යය	මත	පදනම්ව	1065
වාක්යය	මත	රඳා	1
වාක්යය	ලබා	ගන්න	1
වාක්යය	ලබා	දී	10172
වාක්යය	ලබා	දීමෙන්	1
වාක්යය	ලබා	දීමෙනි	1
වාක්යය	ලබා	දෙන්න	4
වාක්යය	සත්ය	ද	2854
වාක්යය	සත්ය	දැයි	1180
වාක්යය	සත්ය	නම්	2854
වාක්යය	සත්ය	බව	614
වාක්යය	සත්ය	වශයෙන්ම	1040
වාක්යය	සත්ය	වාක්යයක්	308
වාක්යයක්	ජනනය	කරන්න	1485
වාක්යයක්	ජනනය	කළ	108
වාක්යයකින්	සාරාංශ	කරන	2
වාක්යයකින්	සාරාංශ	කරන්න	1162
වාක්යයකින්	සාරාංශ	කරමින්	1
වාක්යයකින්	සාරාංශ	කළ	3
වාක්යයකින්	සාරාංශ	කළේය	1
වාක්යයකින්	සාරාංශ	කිරීමට	1
වාක්යයකින්	හෝ	ඊට	7549
වාක්යයකින්	හෝ	දෙකකින්	1
වාක්යයේ	කෙටි	බව	1
වාක්යයේ	කෙටි	සාරාංශයක්	7537
වාක්යවලින්	තේරුමක්	නැති	1059
වාඩි	වී	සිටි	702
වාඩි	වී	සිටිති	1974
වාඩි	වී	සිටින	5079
වාඩි	වී	සිටින්නේ	581
වාඩි	වී	සිටී	2954
වාඩි	වී	සිටීම	629
වාර්තාවට	දායක	විය	1794
වාර්තාවට	දායක	වීම	2
වාර්තාවට	දායක	වූ	13
වාර්තාවට	දායක	වූයේ	2
වාර්තාවට	දායක	වූහ	81
වාර්තාවට	දායක	වේ	2
වැඩි	අවධානයක්	අවශ්ය	18
වැඩි	අවධානයක්	ආකර්ෂණය	11
වැඩි	අවධානයක්	දිනා	30
වැඩි	අවධානයක්	යොමු	1041
වැඩි	අවධානයක්	ලබා	28
වැඩි	අවධානයක්	සහ	21
වැඩි	කාලයක්	ගත	1921
වැඩි	කාලයක්	තිස්සේ	413
වැඩි	කාලයක්	තුළ	470
වැඩි	කාලයක්	පුරා	192
වැඩි	කාලයක්	බලා	167
වැඩි	කාලයක්	ලබා	158
වැඩි	දියුණු	කර	329
වැඩි	දියුණු	කරන	784
වැඩි	දියුණු	කරයි	459
වැඩි	දියුණු	කළ	1128
වැඩි	දියුණු	කිරීම	1690
වැඩි	දියුණු	කිරීමට	1425
වැඩි	විස්තර	දැන	209
වැඩි	විස්තර	මෙතැනින්	74
වැඩි	විස්තර	ලබා	133
වැඩි	විස්තර	ලාංඡනයක්	741
වැඩි	විස්තර	සඳහා	1222
වැඩි	විස්තර	සහ	54
වැඩිදියුණු	කිරීම	අරමුණු	34
වැඩිදියුණු	කිරීම	අවශ්ය	27
වැඩිදියුණු	කිරීම	කෙරෙහි	47
වැඩිදියුණු	කිරීම	මගින්	55
වැඩිදියුණු	කිරීම	සඳහා	1138
වැඩිදියුණු	කිරීම	සහ	242
වැදගත්	කොටස්	මොනවාද	1071
වැදගත්	කොටස්	ලෙස	3
වැදගත්	කොටස්	වන්නේ	2
වැදගත්	කොටස්	වසර	1
වැදගත්	කොටස්	වෙලඳපොලවල්	1
වැදගත්	කොටස්	වේ	3
වැදගත්ම	කොටස්	මොනවාද	7291
වැදගත්ම	කොටස්	වලට	1
වැදගත්ම	කොටස්	වලින්	2
වැදගත්ම	කොටස්	වෙත	1
වැදගත්ම	කොටස්	සඳහා	1
වැදගත්ම	කොටස්	සොයා	4
විකල්ප	ඔව්	එය	2412
විකල්ප	ඔව්	ඒක	245
විකල්ප	ඔව්	කියන්න	876
විකල්ප	ඔව්	නැත	232
විකල්ප	ඔව්	නැහැ	138
විකල්ප	ඔව්	බී	868
විකල්ප	නැත	එය	2
විකල්ප	නැත	ඔව්	1081
විකල්ප	නැත	ඔව්ඒ	2
විකල්ප	නැත	ඔව්මම	14
විකල්ප	නැත	ඔහු	2
විකල්ප	නැත	බී	207
විකල්ප	වනුයේ	අ	200
විකල්ප	වනුයේ	ඍණ	84
විකල්ප	වනුයේ	ඔව්	1247
විකල්ප	වනුයේ	නැත	360
විකල්ප	වනුයේ	ලෝකය	45
විකල්ප	වනුයේ	සෘණ	1416
විකල්ප	වලින්	ඔබේ	15473
විකල්ප	වලින්	තේරීමෙන්	90
විකල්ප	වලින්	තෝරන්න	2406
විකල්ප	වලින්	තෝරා	158
විකල්ප	වලින්	ප්රථමික	10
විකල්ප	වලින්	පිළිතුර	11
විකල්ප	සෘණ	ධන	188
විකල්ප	සෘණ	ධනාත්මක	4390
විකල්ප	සෘණ	ධනාත්මකපහත	4
විකල්ප	සෘණ	ධනාත්මකමම	266
විකල්ප	සෘණ	බී	971
විකල්ප	සෘණ	මම	10
විය	කෙසේ	නමුත්	17
විය	කෙසේ	නමුදු	3
විය	කෙසේ	වුවත්	7
විය	කෙසේ	වුවද	5
විය	කෙසේ	වෙතත්	1500
විය	කෙසේ	හෝ	17
විය	යුතු	අතර	1285
විය	යුතු	නැත	1249
විය	යුතු	බව	1350
විය	යුතු	බවට	335
විය	යුතු	බවයි	966
විය	යුතු	යැයි	486
විය	හැකි	අතර	4254
විය	හැකි	ට්වීට්	11588
විය	හැකි	නමුත්	2553
විය	හැකි	බව	4433
විය	හැකි	බවට	1608
විය	හැකි	බවයි	3020
විය	හැකිය	එය	613
විය	හැකිය	ඔබ	500
විය	හැකිය	ඔබේ	380
විය	හැකිය	ඔහු	346
විය	හැකිය	නමුත්	1154
විය	හැකිය	මෙම	469
විශේෂ	අවස්ථා	කිහිපයක්	1090
විශේෂ	අවස්ථා	ලියන්න	2130
විශේෂ	අවස්ථා	වල	1056
විශේෂ	අවස්ථා	වලදී	30
විශේෂ	අවස්ථා	සඳහා	31
විශේෂ	අවස්ථා	සාරාංශ	1066
විශේෂතා	මත	නොව	1
විශේෂතා	මත	පදනම්ව	1061
විශේෂතා	මත	බර	1
විශේෂතා	මත	ය	1
විශේෂතා	මත	රඳා	2
විශේෂතා	මත	වෙනස්	1
විසඳන්න	පිළිතුර	කුමක්ද	7232
විසඳුම	අපි	ගුවන්	1
විසඳුම	අපි	මෙය	1248
විසඳුම	අපි	රැකියාව	1
විසඳුම	අපි	සාමාන්යයෙන්	1
විසඳුම	ලියන්න	පැය	34
විසඳුම	ලියන්න	විසඳන්න	17
විසඳුම	ලියන්න	සඳහා	7291
විස්තර	කර	ඇත	809
විස්තර	කර	ඇතත්	20
විස්තර	කර	ඇත්තේ	416
විස්තර	කර	ඇති	1193
විස්තර	කර	තිබුණේ	11
විස්තර	කර	නැත	45
විස්තර	කරන්නේ	ඔහුගේ	11
විස්තර	කරන්නේ	කුමන	21
විස්තර	කරන්නේ	කෙසේද	14109
විස්තර	කරන්නේ	කෙසේදැයි	15
විස්තර	කරන්නේ	නම්	16
විස්තර	කරන්නේ	නැත	12
විස්තර	කළ	අතර	239
විස්තර	කළ	නොහැකි	105
විස්තර	කළ	හැක්කේ	2115
විස්තර	කළ	හැකි	109
විස්තර	කළ	හැකිද	78
විස්තර	කළ	හැකිය	152
විසින්	අධ්යක්ෂණය	කර	39
විසින්	අධ්යක්ෂණය	කරන	1190
විසින්	අධ්යක්ෂණය	කරනු	13
විසින්	අධ්යක්ෂණය	කළ	56
විසින්	අධ්යක්ෂණය	කිරීමට	9
විසින්	අධ්යක්ෂණය	සහ	6
විසින්	කරන	ඕනෑම	10
විසින්	කරන	මෙම	3
විසින්	කරන	ලද	2930
විසින්	කරන	ලද්දේ	2
විසින්	කරන	ලදැයි	47
විසින්	කරන	ලදී	12
විසින්	නිකුත්	කර	108
විසින්	නිකුත්	කරන	1696
විසින්	නිකුත්	කරනු	49
විසින්	නිකුත්	කළ	22
විසින්	නිකුත්	කිරීම	10
විසින්	නිකුත්	කිරීමට	12
විසින්	නිර්මාණය	කර	168
විසින්	නිර්මාණය	කරන	2084
විසින්	නිර්මාණය	කරනු	14
විසින්	නිර්මාණය	කළ	48
විසින්	නිර්මාණය	කිරීම	11
විසින්	නිර්මාණය	කිරීමට	17
විසින්	ලියන	ලද	1075
විසින්	ලියන	ලද්දක්	21
විසින්	ලියන	ලද්දකි	52
විසින්	ලියන	ලදැයි	5
විසින්	ලියන	ලදි	12
විසින්	ලියන	ලදී	13
විසින්	සිදු	කර	167
විසින්	සිදු	කරන	1476
විසින්	සිදු	කරනු	239
විසින්	සිදු	කල	18
විසින්	සිදු	කළ	137
විසින්	සිදු	කිරීමට	18
වී	ඇත	එය	639
වී	ඇත	ඔහු	529
වී	ඇත	නමුත්	1535
වී	ඇත	මම	286
වී	ඇත	මෙම	442
වී	ඇත	සහ	285
වී	ඇති	අතර	8394
වී	ඇති	බව	6722
වී	ඇති	බවක්	565
වී	ඇති	බවට	859
වී	ඇති	බවත්	978
වී	ඇති	බවයි	2896
වීඩියෝව	සඳහා	නම්	5
වීඩියෝව	සඳහා	පහත	27
වීඩියෝව	සඳහා	පහළට	1801
වීඩියෝව	සඳහා	මෙතන	12
වීඩියෝව	සඳහා	වන	10
වීඩියෝව	සඳහා	සම්මානය	5
වූ	අතර	ඇය	1101
වූ	අතර	එය	5365
වූ	අතර	ඔවුන්	1242
වූ	අතර	ඔහු	2109
වූ	අතර	ඔහුගේ	1481
වූ	අතර	පසුව	1064
වූ	දා	පටන්	8
වූ	දා	සිට	1717
වූ	දා	සිටම	4
වූ	දා	සිටයි	1
වූ	බව	අපි	6682
වූ	බව	ඇය	483
වූ	බව	ඔහු	709
වූ	බව	කියන	345
වූ	බව	පැවසීය	284
වූ	බව	වාර්තා	657
වූ	විට	ඇය	372
වූ	විට	එය	1065
වූ	විට	ඔවුන්	535
වූ	විට	ඔහු	761
වූ	විට	මම	496
වූ	විට	සහ	392
වූ	හැඟීම	එය	2
වූ	හැඟීම	නම්	3
වූ	හැඟීම	මට	2
වූ	හැඟීම	විස්තර	5948
වූ	හැඟීම	සමඟ	1
වූ	හැඟීම	සහ	2
වෙඩි	තබා	ඇත	667
වෙඩි	තබා	ඇති	451
වෙඩි	තබා	ඝාතනය	1489
වෙඩි	තබා	තුවාල	94
වෙඩි	තබා	බිම	191
වෙඩි	තබා	මරා	793
වෙත	යාර	ක	1203
වෙත	යාර	ක්	93
වෙත	යාර	ටීඩී	43
වෙත	යාර	පාස්	23
වෙත	යාර	සමත්	216
වෙත	යාර	සමත්වීම	52
වෙත	ළඟා	වන	415
වෙත	ළඟා	විය	788
වෙත	ළඟා	වී	197
වෙත	ළඟා	වීමට	1270
වෙත	ළඟා	වූ	578
වෙත	ළඟා	වේ	196
වෙතින්	තෝරන්න	අ	396
වෙතින්	තෝරන්න	ඍණ	55
වෙතින්	තෝරන්න	ඔව්	1489
වෙතින්	තෝරන්න	නැත	518
වෙතින්	තෝරන්න	ලෝක	58
වෙතින්	තෝරන්න	සෘණ	1961
වෙන	කවරදාටත්	වඩා	1214
වෙනත්	වචන	ක්රීඩා	2
වෙනත්	වචන	නොමැත	4
වෙනත්	වචන	භාවිතා	4
වෙනත්	වචන	මාලාවක්	2
වෙනත්	වචන	වලින්	1093
වෙනත්	වචන	සමඟ	3
වෙනුවෙන්	පෙනී	සිටි	504
වෙනුවෙන්	පෙනී	සිටින	1115
වෙනුවෙන්	පෙනී	සිටින්නන්	155
වෙනුවෙන්	පෙනී	සිටියේය	132
වෙනුවෙන්	පෙනී	සිටීම	219
වෙනුවෙන්	පෙනී	සිටීමට	243
වෙබ්	සෙවුමකින්	එය	15
වෙබ්	සෙවුමකින්	තොරව	1437
වෙබ්	සෙවුමකින්	පිළිතුරු	1
වෙහෙස	මහන්සි	නොබලා	3
වෙහෙස	මහන්සි	වන	2
වෙහෙස	මහන්සි	විය	20
වෙහෙස	මහන්සි	වී	3766
වෙහෙස	මහන්සි	වූ	17
වෙහෙස	මහන්සි	වේ	9
වේද	යන්න	ගැන	710
වේද	යන්න	තීරණය	64
වේද	යන්න	පැහැදිලි	74
වේද	යන්න	පිළිබඳ	70
වේද	යන්න	පිළිබඳව	1903
වේද	යන්න	සොයා	49
ශිෂ්ය	බී	ඔහුගේ	1
ශිෂ්ය	බී	හරි	1272
ශීත	ඍතුවේ	දී	1176
ශීත	ඍතුවේ	මාසවලදී	26
ශීත	ඍතුවේ	මැද	21
ශීත	ඍතුවේ	ශීත	25
ශීත	ඍතුවේ	සිට	17
ශීත	ඍතුවේ	හිම	19
සකස්	කරන	ආකාරය	47
සකස්	කරන	බව	39
සකස්	කරන	ලද	1441
සකස්	කරන	ලදී	297
සකස්	කරන	ලෙස	91
සකස්	කරන	විට	61
සත්ය	දැයි	අපට	2052
සත්ය	දැයි	තීරණය	1778
සත්ය	දැයි	නිගමනය	8
සත්ය	දැයි	බැලීමට	9
සත්ය	දැයි	මට	9
සත්ය	දැයි	සොයා	5
සත්ය	නම්	උපකල්පනය	2053
සත්ය	නම්	උපකල්පනයද	2866
සත්ය	නම්	එය	2419
සත්ය	නම්	එයින්	35
සත්ය	නම්	දෙවන	2854
සත්ය	නම්	මම	25
සත්ය	ප්රකාශයක්	ද	1142
සත්ය	ප්රකාශයක්	බැවින්	1
සත්ය	ප්රකාශයක්	ලබා	1
සත්ය	ප්රකාශයක්	ලෙස	1
සත්ය	ප්රකාශයක්	වන	4
සත්ය	ප්රකාශයක්	සපයන්න	1
සත්ය	බව	අපට	2698
සත්ය	බව	ඔප්පු	73
සත්ය	බව	තහවුරු	29
සත්ය	බව	නිගමනය	49
සත්ය	බව	පෙනේ	18
සත්ය	බව	මම	18
සත්ය	වශයෙන්ම	නිවැරදි	9
සත්ය	වශයෙන්ම	නිවැරදිද	1201
සත්ය	වශයෙන්ම	වැරදි	11
සත්ය	වශයෙන්ම	සත්ය	9
සත්ය	වශයෙන්ම	සහතික	14
සත්ය	වශයෙන්ම	සාවද්ය	10
සත්ය	සත්යයක්	ද	1330
සත්ය	සත්යයක්	ලෙස	1
සත්ය	සත්යයක්	සහ	1
සත්යාපනය	කළ	නොහැක	35
සත්යාපනය	කළ	නොහැකි	44
සත්යාපනය	කළ	පසු	9
සත්යාපනය	කළ	හැකි	72
සත්යාපනය	කළ	හැකිද	1442
සත්යාපනය	කළ	හැකිය	8
සඳහන්	උද්දීපන	භාවිතා	1072
සඳහන්	කරුණු	අත්යවශ්ය	4
සඳහන්	කරුණු	අනාවරණය	3
සඳහන්	කරුණු	කියවීමෙන්	6
සඳහන්	කරුණු	පහත	3
සඳහන්	කරුණු	සත්ය	1429
සඳහන්	කරුණු	සලකා	240
සඳහන්	කළ	අතර	185
සඳහන්	කළ	පරිදි	438
සඳහන්	කළ	පෙළ	7547
සඳහන්	කළ	යුතු	79
සඳහන්	කළ	යුතුය	115
සඳහන්	කළ	විට	62
සඳහා	කැපී	පෙනුණි	30
සඳහා	කැපී	පෙනුණු	5
සඳහා	කැපී	පෙනෙන	1169
සඳහා	කැපී	පෙනෙනවා	1
සඳහා	කැපී	පෙනේ	56
සඳහා	කෙටි	කාලීන	70
සඳහා	කෙටි	මගක්	31
සඳහා	කෙටි	යෙදුමක්	35
සඳහා	කෙටි	යෙදුමකි	25
සඳහා	කෙටි	ලැයිස්තුගත	30
සඳහා	කෙටි	සාරාංශයක්	11211
සඳහා	ඩොලර්	ක	344
සඳහා	ඩොලර්	කට	209
සඳහා	ඩොලර්	ක්	2083
සඳහා	ඩොලර්	බැගින්	99
සඳහා	ඩොලර්	බිලියන	781
සඳහා	ඩොලර්	මිලියන	1388
සඳහා	නිර්මාණය	කර	1141
සඳහා	නිර්මාණය	කරන	356
සඳහා	නිර්මාණය	කළ	28
සඳහා	නිර්මාණය	කළේය	6
සඳහා	නිර්මාණය	කිරීම	10
සඳහා	නිර්මාණය	කිරීමට	7
සඳහා	පහළට	අනුචලනය	2141
සඳහා	පහළට	ගසාගෙන	2
සඳහා	පහළට	යන	2
සඳහා	පහළට	යන්න	2
සඳහා	පහළට	යාම	1
සඳහා	පහළට	සර්පිලාකාරව	1
සඳහා	භාවිතා	කරන	1824
සඳහා	භාවිතා	කරයි	261
සඳහා	භාවිතා	කළ	673
සඳහා	භාවිතා	කිරීම	173
සඳහා	භාවිතා	කිරීමට	252
සඳහා	භාවිතා	වේ	208
සඳහා	මාතෘකාවක්	ඉදිරිපත්	4
සඳහා	මාතෘකාවක්	ජනනය	25
සඳහා	මාතෘකාවක්	යෝජනා	23
සඳහා	මාතෘකාවක්	ලියන්න	3650
සඳහා	මාතෘකාවක්	ලෙස	4
සඳහා	මාතෘකාවක්	සාදන්න	10
සඳහා	විශේෂ	අවස්ථා	3195
සඳහා	විශේෂ	දෙයක්	9
සඳහා	විශේෂ	නියෝජිතයෙකු	8
සඳහා	විශේෂ	මැතිවරණයක්	10
සඳහා	විශේෂ	වීසා	10
සඳහා	විශේෂ	සැලකිල්ලක්	12
සඳහා	විසඳන්න	උදාහරණයක්	2
සඳහා	විසඳන්න	එබැවින්	2
සඳහා	විසඳන්න	දැන්	2
සඳහා	විසඳන්න	පිළිතුර	7232
සඳහා	විසඳන්න	මඟින්	2
සඳහා	විසඳන්න	මොකක්ද	91
සඳහා	විසඳුම	ලියන්න	7342
සඳහා	විසඳුම	වන	2
සඳහා	විසඳුම	වේ	3
සඳහා	විසඳුම	සෙවිය	1
සඳහා	විසඳුම	සොයා	1
සඳහා	විසඳුම	හැඩැති	1
සමඟ	අන්තර්	ක්රියා	1077
සමඟ	අන්තර්	ක්රියාකාරීත්වය	5
සමඟ	අන්තර්	සම්බන්ධ	3
සමඟ	අන්තර්	සම්බන්ධිත	17
සමඟ	අන්තර්	සම්මන්ත්රණ	54
සමඟ	අන්තර්	සාකච්ඡා	2
සමඟ	ඇති	ඔහුගේ	105
සමඟ	ඇති	කර	137
සමඟ	ඇති	විය	123
සමඟ	ඇති	වූ	1124
සමඟ	ඇති	සබඳතා	142
සමඟ	ඇති	සම්බන්ධය	524
සමඟ	කටයුතු	කරන	702
සමඟ	කටයුතු	කරන්නේ	337
සමඟ	කටයුතු	කරයි	281
සමඟ	කටයුතු	කළ	367
සමඟ	කටයුතු	කිරීම	416
සමඟ	කටයුතු	කිරීමට	1387
සමඟ	කතා	කරන	760
සමඟ	කතා	කරන්න	569
සමඟ	කතා	කරයි	823
සමඟ	කතා	කළ	804
සමඟ	කතා	කිරීම	560
සමඟ	කතා	කිරීමට	1376
සමඟ	සම්බන්ධ	වන	298
සමඟ	සම්බන්ධ	විය	659
සමඟ	සම්බන්ධ	වී	1265
සමඟ	සම්බන්ධ	වීමට	1193
සමඟ	සම්බන්ධ	වූ	661
සමඟ	සම්බන්ධ	වේ	640
සමඟ	සහයෝගයෙන්	කටයුතු	1092
සමඟ	සහයෝගයෙන්	ක්රියා	12
සමඟ	සහයෝගයෙන්	නිර්මාණය	6
සමඟ	සහයෝගයෙන්	ය	9
සමඟ	සහයෝගයෙන්	වැඩ	19
සමඟ	සහයෝගයෙන්	සහ	11
සමහර	විට	අපි	320
සමහර	විට	එය	1272
සමහර	විට	ඔබ	520
සමහර	විට	ඔවුන්	490
සමහර	විට	ඔහු	393
සමහර	විට	මම	662
සම්බන්ධ	කර	ඇත	302
සම්බන්ධ	කර	ඇති	403
සම්බන්ධ	කර	ගත්	425
සම්බන්ධ	කර	ගන්නා	312
සම්බන්ධ	කර	ගැනීම	261
සම්බන්ධ	කර	ගැනීමට	1129
සම්බන්ධ	වී	ඇත	847
සම්බන්ධ	වී	ඇත්තේ	68
සම්බන්ධ	වී	ඇති	1272
සම්බන්ධ	වී	නැත	96
සම්බන්ධ	වී	සිටි	74
සම්බන්ධ	වී	සිටින	262
සම්බන්ධයෙන්	ගත්	කල	1887
සම්බන්ධයෙන්	ගත්	ක්රියාමාර්ග	2
සම්බන්ධයෙන්	ගත්	තීරණ	3
සම්බන්ධයෙන්	ගත්	තීරණය	2
සම්බන්ධයෙන්	ගත්	පියවර	2
සම්බන්ධයෙන්	ගත්	විට	38
සම්බන්ධයෙන්	චෝදනා	එල්ල	1451
සම්බන්ධයෙන්	චෝදනා	කරන	51
සම්බන්ධයෙන්	චෝදනා	කළේය	50
සම්බන්ධයෙන්	චෝදනා	ලබා	37
සම්බන්ධයෙන්	චෝදනා	ලැබ	513
සම්බන්ධයෙන්	චෝදනා	ලැබූ	236
සමාන	නම්	එය	7
සමාන	නම්	ඔහු	6
සමාන	නම්	මට	1345
සමාන	නම්	ලාභය	9
සමාන	නම්	සහ	13
සමාන	නම්	හෝ	7
සමාන	යැයි	ඔබ	1337
සමාන	යැයි	කියනු	7
සමාන	යැයි	මම	11
සමාන	යැයි	විශ්වාස	6
සමාන	යැයි	සිතන	5
සමාන	යැයි	සිතූ	5
සමාලෝචනය	ධනාත්මක	ද	2
සමාලෝචනය	ධනාත්මක	මධ්යස්ථ	1
සමාලෝචනය	ධනාත්මක	ය	1
සමාලෝචනය	ධනාත්මක	සටහනකින්	1
සමාලෝචනය	ධනාත්මක	සෘණ	1
සමාලෝචනය	ධනාත්මක	හෝ	6365
සමාලෝචනය	මනෝභාවය	අනුව	2067
සමාලෝචනයේ	මනෝභාවය	තෝරන්නද	2090
සමාලෝචනයේ	මනෝභාවය	ධනාත්මක	98
සමාලෝචනයේ	මනෝභාවය	විශ්ලේෂණය	1
සමාලෝචනයේ	මනෝභාවය	විස්තර	2089
සමාලෝචනයේ	මනෝභාවය	සෘණාත්මක	2
සමාලෝචනයේ	මනෝභාවය	සොයාගෙන	1
සමාලෝචනයේ	හැඟීම	ඔබ	95
සමාලෝචනයේ	හැඟීම	කුමක්ද	2273
සමාලෝචනයේ	හැඟීම	කුමක්දමෙයින්	1
සහ	එක්සත්	ජනපද	1093
සහ	එක්සත්	ජනපදය	860
සහ	එක්සත්	ජනපදයේ	742
සහ	එක්සත්	ජාතීන්ගේ	277
සහ	එක්සත්	රාජධානිය	231
සහ	එක්සත්	රාජධානියේ	388
සහ	ඔහුගේ	කණ්ඩායම	289
සහ	ඔහුගේ	පවුලේ	614
සහ	ඔහුගේ	පියා	202
සහ	ඔහුගේ	බිරිඳ	1486
සහ	ඔහුගේ	මිතුරන්	266
සහ	ඔහුගේ	සගයන්	391
සහ	තවත්	අය	351
සහ	තවත්	එකක්	80
සහ	තවත්	කිහිප	60
සහ	තවත්	දේ	400
සහ	තවත්	පුද්ගලයින්	56
සහ	තවත්	බොහෝ	1243
සහ	ප්රශ්න	අසන්නේ	1342
සහ	ප්රශ්න	ඇසීමට	9
සහ	ප්රශ්න	කිරීම	8
සහ	ප්රශ්න	කිරීම්	18
සහ	ප්රශ්න	කිරීමේ	10
සහ	ප්රශ්න	සමඟ	11
සහ	පිළිතුර	පහත	189
සහ	පිළිතුර	පහතින්	5936
සහ	පිළිතුර	ප්රශ්නය	452
සහ	පිළිතුර	යනු	92
සහ	පිළිතුර	වන්නේ	159
සහ	පිළිතුර	සලකා	78
සහ	වෙබ්	අඩවි	127
සහ	වෙබ්	අඩවිය	64
සහ	වෙබ්	අඩවියක්	21
සහ	වෙබ්	අඩවියට	18
සහ	වෙබ්	අඩවියේ	67
සහ	වෙබ්	සෙවුමකින්	1437
සහ	සමහර	අය	20
සහ	සමහර	අවස්ථාවල	75
සහ	සමහර	අවස්ථාවලදී	93
සහ	සමහර	පිළිකා	16
සහ	සමහර	බැක්ටීරියා	17
සහ	සමහර	විට	1567
සහතික	කිරීම	අරමුණු	26
සහතික	කිරීම	කෙරෙහි	23
සහතික	කිරීම	මගින්	32
සහතික	කිරීම	වැදගත්	67
සහතික	කිරීම	සඳහා	2979
සහතික	කිරීම	සහ	130
සහිත	ලිපියක්	පෙබරවාරි	2
සහිත	ලිපියක්	මගින්	2
සහිත	ලිපියක්	යවමින්	2
සහිත	ලිපියක්	ලියන්න	3595
සහිත	ලිපියක්	විමර්ශනය	2
සහිත	ලිපියක්	විය	2
ස්ථානයක්	සඳහා	තරඟ	18
ස්ථානයක්	සඳහා	ධනාත්මක	292
ස්ථානයක්	සඳහා	සටන්	12
ස්ථානයක්	සඳහා	සමාලෝචනය	1243
ස්ථානයක්	සඳහා	සමාලෝචනයක්	292
ස්ථානයක්	සඳහා	සෘණාත්මක	272
ස්වභාවික	භාෂා	අනුමාන	1425
ස්වභාවික	භාෂා	අවබෝධය	19
ස්වභාවික	භාෂා	සැකසීම	110
ස්වභාවික	භාෂා	සැකසීමේ	27
ස්වභාවික	භාෂා	සැකසීමේදී	21
ස්වභාවික	භාෂා	සැකසුම්	226
ස්වාභාවික	භාෂා	අනුමාන	5087
ස්වාභාවික	භාෂා	අවබෝධය	5
ස්වාභාවික	භාෂා	උත්පාදනය	5
ස්වාභාවික	භාෂා	සැකසීම	70
ස්වාභාවික	භාෂා	සැකසීමේ	10
ස්වාභාවික	භාෂා	සැකසුම්	79
සාමාන්ය	බුද්ධියට	අනුව	9
සාමාන්ය	බුද්ධියට	එරෙහි	552
සාමාන්ය	බුද්ධියට	පටහැනි	1413
සාමාන්ය	බුද්ධියට	පටහැනිය	5
සාමාන්ය	බුද්ධියට	පටහැනියි	7
සාමාන්ය	බුද්ධියට	විරුද්ධ	211
සාමාන්ය	බුද්ධියෙන්	ඔබට	3
සාමාන්ය	බුද්ධියෙන්	පූර්වාරක්ෂාවන්	2
සාමාන්ය	බුද්ධියෙන්	යුත්	4
සාමාන්ය	බුද්ධියෙන්	යෝජනා	2
සාමාන්ය	බුද්ධියෙන්	විශ්වාස	1
සාමාන්ය	බුද්ධියෙන්	සහ	1437
සාරාංශය	මත	දැඩි	1
සාරාංශය	මත	පදනම්	3
සාරාංශය	මත	පදනම්ව	8903
සාරාංශය	මත	පමණක්	1
සාරාංශයක්	ජනනය	කරන්න	48
සාරාංශයක්	ජනනය	කළ	7565
සාරාංශයක්	ජනනය	කිරීම	3
සාරාංශයක්	ජනනය	කිරීමට	4
සාරාංශයක්	යනු	ඔබ	1
සාරාංශයක්	යනු	ඔබේ	1
සාරාංශයක්	යනු	කුමක්ද	1070
සාරාංශයක්	යනු	පර්යේෂණ	8
සාරාංශයක්	යනු	යා	1
සැතපුම්	ක්	කිලෝමීටර්	115
සැතපුම්	ක්	ගමන්	206
සැතපුම්	ක්	දක්වා	108
සැතපුම්	ක්	දුරින්	429
සැතපුම්	ක්	ධාවනය	322
සැතපුම්	ක්	පමණ	1202
සැන්	ෆ්රැන්සිස්කෝ	ජයන්ට්ස්	107
සැන්	ෆ්රැන්සිස්කෝ	නූතන	100
සැන්	ෆ්රැන්සිස්කෝ	බොක්ක	105
සැන්	ෆ්රැන්සිස්කෝ	වෙත	151
සැන්	ෆ්රැන්සිස්කෝ	සහ	105
සැන්	ෆ්රැන්සිස්කෝ	හි	1995
සැප්තැම්බර්	වන	අඟහරුවාදා	23
සැප්තැම්බර්	වන	තෙක්	17
සැප්තැම්බර්	වන	දින	1865
සැප්තැම්බර්	වන	දිනට	11
සැප්තැම්බර්	වන	විට	106
සැප්තැම්බර්	වන	සඳුදා	10
සැලකිය	යුතු	කොටසක්	234
සැලකිය	යුතු	තරම්	250
සැලකිය	යුතු	බලපෑමක්	488
සැලකිය	යුතු	ලෙස	3570
සැලකිය	යුතු	වෙනසක්	211
සැලකිය	යුතු	වෙනස්කම්	271
සැලසුම්	කර	ඇත	1276
සැලසුම්	කර	ඇත්තේ	582
සැලසුම්	කර	ඇති	2938
සැලසුම්	කර	තිබුණි	166
සැලසුම්	කර	තිබූ	261
සැලසුම්	කර	නොමැති	89
සිට	සැතපුම්	කට	55
සිට	සැතපුම්	ක්	1185
සිට	සැතපුම්	කිහිපයක්	102
සිට	සැතපුම්	තුනක්	35
සිට	සැතපුම්	දෙකක්	46
සිට	සැතපුම්	භාගයක්	38
සිටී	යන	උපකල්පනය	768
සිටී	යන	ප්රස්තුතයයි	169
සිටී	යන	වාක්ය	234
සිටී	යන	වාක්යය	1378
සිටී	යන	වාක්යයට	81
සිටී	යන	වාක්යයයි	49
සිදු	කර	ඇත	1093
සිදු	කර	ඇත්තේ	154
සිදු	කර	ඇති	1647
සිදු	කර	තිබේද	39
සිදු	කර	නැත	90
සිදු	කර	නොමැති	125
සිදු	කරන	අතර	161
සිදු	කරන	බව	216
සිදු	කරන	බවයි	157
සිදු	කරන	ලද	2997
සිදු	කරන	ලදී	1380
සිදු	කරන	විට	300
සිදු	වූ	අතර	1825
සිදු	වූ	දේ	1287
සිදු	වූ	නමුත්	304
සිදු	වූ	බව	1496
සිදු	වූ	බවයි	441
සිදු	වූ	විට	966
සියයට	ක්	පමණ	1185
සියයට	ක්	පමණක්	422
සියයට	ක්	පමණි	292
සියයට	ක්	ලබා	204
සියයට	ක්	විය	189
සියයට	ක්	සහ	373
සෘණ	ධනාත්මක	ඍණාත්මක	73
සෘණ	ධනාත්මක	ධනාත්මක	84
සෘණ	ධනාත්මක	පහත	1865
සෘණ	ධනාත්මක	මම	976
සෘණ	ධනාත්මක	සඳහා	237
සෘණ	ධනාත්මක	සමාලෝචනයක	207
සෘණ	ධනාත්මකමම	හිතන්නේ	1235
සෘණ	බී	ධනාත්මක	5519
සෘණ	බී	ධනාත්මකමම	499
සෘණාත්මකව	ලබා	දිය	1
සෘණාත්මකව	ලබා	දී	2091
සෙමින්	විසඳා	ඇත	1
සෙමින්	විසඳා	ගනිමු	7971
සෙවුමකින්	තොරව	සත්යාපනය	1437
සොයා	ගත	යුතු	119
සොයා	ගත	යුතුය	218
සොයා	ගත	හැක	622
සොයා	ගත	හැක්කේ	181
සොයා	ගත	හැකි	1201
සොයා	ගත	හැකිය	266
සොයා	ගන්නා	අතර	135
සොයා	ගන්නා	තෙක්	221
සොයා	ගන්නා	ලද	744
සොයා	ගන්නා	ලද්දේ	91
සොයා	ගන්නා	ලදී	4523
සොයා	ගන්නා	විට	272
හරහා	ගමන්	කරන	1325
හරහා	ගමන්	කරමින්	171
හරහා	ගමන්	කරයි	1287
හරහා	ගමන්	කළ	321
හරහා	ගමන්	කිරීම	239
හරහා	ගමන්	කිරීමට	280
හා	සමාන	දෙයක්	79
හා	සමාන	නොවේ	117
හා	සමාන	යැයි	1351
හා	සමාන	වන	100
හා	සමාන	විය	75
හා	සමාන	වේ	176
හා	සසඳන	අතර	5
හා	සසඳන	ආකාරය	8
හා	සසඳන	කල	7
හා	සසඳන	ලදී	8
හා	සසඳන	විට	1800
හා	සසඳන	විටය	5
හැකි	අතර	එමඟින්	514
හැකි	අතර	එය	1427
හැකි	අතර	ඒවා	293
හැකි	අතර	ඔබ	236
හැකි	අතර	ඔවුන්	296
හැකි	අතර	ඔවුන්ගේ	236
හැකි	ට්වීට්	උද්දීපනය	2
හැකි	ට්වීට්	එකක්	2
හැකි	ට්වීට්	ඔබගේ	3
හැකි	ට්වීට්	වර්ග	5935
හැකි	ට්වීට්	විකල්පයක්	1
හැකි	ට්වීට්	හැඟීම්	5934
හැකි	නම්	එය	531
හැකි	නම්	ඔබ	122
හැකි	නම්	කරුණාකර	146
හැකි	නම්	මට	470
හැකි	නම්	මම	309
හැකි	නම්	මෙම	1040
හැකි	පිළිතුරු	අ	233
හැකි	පිළිතුරු	ඍණ	98
හැකි	පිළිතුරු	ඔව්	1271
හැකි	පිළිතුරු	නැත	328
හැකි	පිළිතුරු	මම	47
හැකි	පිළිතුරු	සෘණ	1784
හැකි	වන	අතර	468
හැකි	වන	තුරු	43
හැකි	වන	තෙක්	137
හැකි	වන	පරිදි	1962
හැකි	වන	පරිදිය	29
හැකි	වන	විට	53
හැකි	වනු	ඇත	2016
හැකි	වනු	ඇත්තේ	9
හැකි	වනු	ඇතැයි	717
හැකි	වනු	ඇතැයිද	2
හැකි	වනු	ඇති	376
හැකි	වනු	දැකීමට	2
හැකි	සමාලෝචන	කිහිපයක්	1
හැකි	සමාලෝචන	පද්ධති	1
හැකි	සමාලෝචන	වර්ග	2099
හැකිද	ඇත්තද	මට	2
හැකිද	ඇත්තද	විකල්ප	1334
හැඟීම	පුරෝකථනය	කරන්න	5937
හැඟීම	යමෙක්	විස්තර	5923
හැඟීම	විස්තර	කරන	9
හැඟීම	විස්තර	කරන්න	5958
හැඟීම	විස්තර	කරන්නේ	5918
හැඟීම	විස්තර	කරයි	3
හැඟීම	විස්තර	කළ	4
හැඟීම	විස්තර	කිරීමට	6
හැඟීම්	ඇති	කරයි	52
හැඟීම්	ඇති	කළ	37
හැඟීම්	ඇති	කෙටි	63
හැඟීම්	ඇති	ට්වීට්	5928
හැඟීම්	ඇති	බව	34
හැඟීම්	ඇති	විය	352
හි	ප්රධාන	ආර්ථික	77
හි	ප්රධාන	කර්තෘ	102
හි	ප්රධාන	චරිතය	131
හි	ප්රධාන	පුහුණුකරු	103
හි	ප්රධාන	මෙහෙයුම්	60
හි	ප්රධාන	විධායක	1736
හි	හැඟීම	ධනාත්මක	2
හි	හැඟීම	පුරෝකථනය	5937
හි	හැඟීම	යමෙක්	5923
හි	හැඟීම	විස්තර	5917
හි	හැඟීම	සමඟ	1
හි	හැඟීම	සෘණාත්මක	1
හිමිකම්	පෑම	එක්සත්	19
හිමිකම්	පෑම	නිවැරදිද	1437
හිමිකම්	පෑම	විසින්	29
හිමිකම්	පෑම	සඳහා	43
හිමිකම්	පෑම	සම්බන්ධයෙන්	21
හිමිකම්	පෑම	හි	21
හේතු	විය	එය	130
හේතු	විය	නමුත්	68
හේතු	විය	මෙම	58
හේතු	විය	හැක	1960
හේතු	විය	හැක්කේ	80
හේතු	විය	හැකි	1121
හෝ	ඊට	අඩු	420
හෝ	ඊට	අඩුවෙන්	7741
හෝ	ඊට	ආසන්න	66
හෝ	ඊට	පෙර	105
හෝ	ඊට	වඩා	188
හෝ	ඊට	වැඩි	2493
හෝ	දෙකක	කාලය	4
හෝ	දෙකක	පරතරයක්	2
හෝ	දෙකක	ප්රමාණය	2
හෝ	දෙකක	මිශ්රණයක්	2
හෝ	දෙකක	සාරාංශයක්	3656
හෝ	දෙකක	සිට	3
හෝ	සෘණාත්මකව	නැරඹුවාද	234
හෝ	සෘණාත්මකව	බලපාන	1
හෝ	සෘණාත්මකව	ලබා	2092
හෝ	සෘණාත්මකව	වර්ගීකරණය	1
හෝ	සෘණාත්මකව	වෙනස්	2
හෝ	සෘණාත්මකව	සිතුවාද	97
